name,category,is_truck,is_mobile,company_number,status,phone,email,website,address,postcode,region,verified,source
247 TRUCK TYRES LTD,Truck Mobile Service,Yes,Yes,16948484,active,,,,"599 London Road, Reading, RG6 1AT",RG6 1AT,,Yes,Companies House API
ADVANCE MOBILE TYRES LIMITED,Truck Mobile Service,Yes,Yes,04698588,active,,,,"Acer House, 54a Hartford Road, Davenham Northwich, Cheshire, CW9 8JF",CW9 8JF,Cheshire,Yes,Companies House (mobile tyres)
AIRVAN MOBILE 24/7 TYRES LTD,Truck Mobile Service,Yes,Yes,16329733,active,,,,"7 Preston Road, Slough, SL2 5LP",SL2 5LP,North West,Yes,Companies House (mobile tyres)
DRS MOBILE TRUCK TYRES SERVICE LTD,Truck Mobile Service,Yes,Yes,16139729,active,,,,"62 Walbrook Road, Derby, DE23 8RY",DE23 8RY,,Yes,Companies House API
FLEET MOBILE TYRES LTD,Truck Mobile Service,Yes,Yes,16808697,active,,,,"71-75 Shelton Street, Covent Garden, London, WC2H 9JQ",WC2H 9JQ,,Yes,Companies House API
A2 TRUCK TYRE LIMITED,Truck Tyre (Fixed/Unknown),Yes,No,11261015,active,,,,"Thames House, Roman Square, Sittingbourne, ME10 4BJ",ME10 4BJ,Kent,Yes,Companies House API
ACE TYRES COMMERCIAL LTD,Truck Tyre (Fixed/Unknown),Yes,No,10512275,active,,,,"304 High Street, Orpington, Kent, United Kingdom, BR6 0NF",,,Yes,Companies House API
AM COMMERCIAL TYRE’S LIMITED,Truck Tyre (Fixed/Unknown),Yes,No,SC846604,active,,,,"5 Cables Wynd House, Edinburgh, Scotland, EH6 6DF",,,Yes,Companies House API
ANGLIA TRUCK TYRE MANAGEMENT LIMITED,Truck Tyre (Fixed/Unknown),Yes,No,04183442,active,,,,"37-41 Holywells Road, Ipswich, IP3 0DL",IP3 0DL,Suffolk,Yes,Companies House API
ANGLIAN TRUCK TYRE MANAGEMENT CAMBS LIMITED,Truck Tyre (Fixed/Unknown),Yes,No,16141864,active,,,,"37-41 Holywells Road, Ipswich, IP3 0DL",IP3 0DL,Suffolk,Yes,Companies House API
ANGLIAN TRUCK TYRE MANAGEMENT NORWICH LIMITED,Truck Tyre (Fixed/Unknown),Yes,No,16141882,active,,,,"37-41 Holywells Road, Ipswich, IP3 0DL",IP3 0DL,Suffolk,Yes,Companies House API
ANGLIAN TRUCK TYRE MANAGEMENT SOUTH LIMITED,Truck Tyre (Fixed/Unknown),Yes,No,13046940,active,,,,"37-41 Holywells Road, Ipswich, IP3 0DL",IP3 0DL,Suffolk,Yes,Companies House API
ASHFORD COMMERCIAL TYRES LIMITED,Truck Tyre (Fixed/Unknown),Yes,No,07322542,active,,,,"57 Kingsmead Avenue, Sunbury On Thames, Middlesex, TW16 5HL",,,Yes,Companies House API
BARON TRUCK TYRES LIMITED,Truck Tyre (Fixed/Unknown),Yes,No,06833810,active,,,,"Unit 14, Kettlestring Park Kettlestring Lane, Clifton Moor, York, YO30 4XF",YO30 4XF,,Yes,Companies House API
BARTON COMMERCIAL TYRES LIMITED,Truck Tyre (Fixed/Unknown),Yes,No,02039874,active,,,,"Barton Lorry Park, Barton, Richmond, North Yorishire, DL10 6NB",,,Yes,Companies House API
BIRMINGHAM TRUCK TYRE LTD,Truck Tyre (Fixed/Unknown),Yes,No,08481309,active,,,,"Kent Space, Suite 2026 6-8 Revenge Road, Chatham, ME5 8UD",ME5 8UD,,Yes,Companies House API
BLACK COUNTRY COMMERCIAL & TYRES LTD,Truck Tyre (Fixed/Unknown),Yes,No,15504034,active,,,,"36 Lichfield Street, Walsall, England, WS1 1TJ",,,Yes,Companies House API
BLAINS TRAILERS & TYRES LTD,Truck Tyre (Fixed/Unknown),Yes,No,03359332,active,,,,"St Margarets Farm, Great Gaddesden, Hemel Hempstead, Hertfordshire, HP1 3BZ",,,Yes,Companies House API
CAR VAN TRUCK TYRES LIMITED,Truck Tyre (Fixed/Unknown),Yes,No,08035616,active,,,,"29 Whitegate Drive Whitegate Drive, Blackpool, FY3 9AA",FY3 9AA,,Yes,Companies House API
CENTRAL TYRE (COMMERCIAL) LIMITED,Truck Tyre (Fixed/Unknown),Yes,No,07760510,active,,,,"Etel House, Avenue One, Letchworth Garden City, Hertfordshire, SG6 2HU",,,Yes,Companies House API
CLASSIC COMMERCIAL AND TYRE LIMITED,Truck Tyre (Fixed/Unknown),Yes,No,15485268,active,,,,"26 Harmer Street, Gravesend, England, DA12 2AX",,,Yes,Companies House API
COMMERCIAL CONTRACT TYRES LIMITED,Truck Tyre (Fixed/Unknown),Yes,No,04232039,active,,,,"38 Chelsworth Avenue, Ipswich, Suffolk, United Kingdom, IP4 3AY",,,Yes,Companies House API
COMMERCIAL TYRE SERVICES (BRISTOL) LIMITED,Truck Tyre (Fixed/Unknown),Yes,No,11334504,active,,,,"Unit 5 Willment Way, Bristol, England, BS11 8DJ",,,Yes,Companies House API
COMMERCIAL TYRE SOLUTIONS LTD,Truck Tyre (Fixed/Unknown),Yes,No,15143167,active,,,,"71-75 Shelton Street, Covent Garden, London, United Kingdom, WC2H 9JQ",,,Yes,Companies House API
COMMERCIAL TYRE SUPPLIES LTD,Truck Tyre (Fixed/Unknown),Yes,No,07754686,active,,,,"6a Cissplatt Lane,, Keelby,, DN41 8HU",,,Yes,Companies House API
COMMERCIAL TYRES LTD,Truck Tyre (Fixed/Unknown),Yes,No,10615294,active,,,,"Vantage Quay, 5 Brewer Street, Manchester, England, M1 2ER",,,Yes,Companies House API
COMMERCIAL TYRES OFF HIGHWAY LIMITED,Truck Tyre (Fixed/Unknown),Yes,No,08555956,active,,,,"Tructyre House Princesway North, Team Valley, Gateshead, England, NE11 0NF",,,Yes,Companies House API
"DIGBY TRAILERS, TOWBARS & TYRES LTD",Truck Tyre (Fixed/Unknown),Yes,No,12368589,active,,,,"Monometer House, Rectory Grove, Leigh On Sea, Essex, England, SS9 2HN",,,Yes,Companies House API
DW TYRE & FLEET SERVICES LTD,Truck Tyre (Fixed/Unknown),Yes,No,15359069,active,,,,"42 Birkdale Cop, Southport, PR8 5DT",PR8 5DT,,Yes,Companies House API
EAST DENE COMMERCIAL TYRES LTD,Truck Tyre (Fixed/Unknown),Yes,No,13300388,active,,,,"7 East Crescent, Rotherham, England, S65 2RT",,,Yes,Companies House API
FAST FIT COMMERCIAL TYRES LIMITED,Truck Tyre (Fixed/Unknown),Yes,No,15947304,active,,,,"6 St. Georges Square, Portsmouth, England, PO1 3EY",,,Yes,Companies House API
FLEET TYRE NETWORK LIMITED,Truck Tyre (Fixed/Unknown),Yes,No,07888473,active,,,,"Micheldever Station, Winchester, SO21 3AP",SO21 3AP,Hampshire,Yes,Companies House API
FLEET TYRES DIRECT LIMITED,Truck Tyre (Fixed/Unknown),Yes,No,09289284,active,,,,"Unit 55 Brunel Road, Bedford, MK41 9TJ",MK41 9TJ,,Yes,Companies House API
FLEETLINE TYRE SERVICES LIMITED,Truck Tyre (Fixed/Unknown),Yes,No,06292620,active,,,,"Unit 1 Pearsall Drive, Oldbury, B69 2RA",B69 2RA,West Midlands,Yes,Companies House API
HARRY'S TRUCK TYRES LTD,Truck Tyre (Fixed/Unknown),Yes,No,16009864,active,,,,"200 Knolton Way, Slough, SL2 5RS",SL2 5RS,Berkshire,Yes,Companies House API
J.S COMMERCIAL TYRES LIMITED,Truck Tyre (Fixed/Unknown),Yes,No,16100479,active,,,,"23 Turnberry Court Bentley, Doncaster, South Yorkshire, England, DN5 0UL",,,Yes,Companies House API
JUST TYRES COMMERCIAL (NW) LTD,Truck Tyre (Fixed/Unknown),Yes,No,12789756,active,,,,"Suite 4 48 Westgate, Skelmersdale, England, WN8 8AZ",,,Yes,Companies House API
P B TYRES COMMERCIAL LIMITED,Truck Tyre (Fixed/Unknown),Yes,No,15322563,active,,,,"P B Tyres Bank Street, Golborne, Warrington, Cheshire, England, WA3 3SN",,,Yes,Companies House API
P.A. RISK COMMERCIAL TYRE SERVICES LIMITED,Truck Tyre (Fixed/Unknown),Yes,No,04486928,active,,,,"12 Station Court, Station Approach, Wickford, Essex, SS11 7AT",,,Yes,Companies House API
RMG HGV & TYRES LTD,Truck Tyre (Fixed/Unknown),Yes,No,16703486,active,,,,"23 Lowfield Drive, Askern, Doncaster, DN6 0FS",DN6 0FS,,Yes,Companies House API
ROADSTAR COMMERCIAL TYRES LTD,Truck Tyre (Fixed/Unknown),Yes,No,16581991,active,,,,"3 Ferndown, Crawley, England, RH10 3SB",,,Yes,Companies House API
SOUTH WEST COMMERCIAL TYRES LTD,Truck Tyre (Fixed/Unknown),Yes,No,16339735,active,,,,"South West Crane Hire Tan Lane, St Thomas, Exeter, Devon, United Kingdom, EX2 8EG",,,Yes,Companies House API
SOUTHERN TYRES (COMMERCIAL) LIMITED,Truck Tyre (Fixed/Unknown),Yes,No,09414873,active,,,,"Tructyre House Princesway North, Team Valley, Gateshead, England, NE11 0NF",,,Yes,Companies House API
SYLLA TRUCK TYRES LTD,Truck Tyre (Fixed/Unknown),Yes,No,13847848,active,,,,"Flat 69 Kelvedon House, Guildford Road, London, SW8 2DW",SW8 2DW,,Yes,Companies House API
T.T.S. TRUCK TYRE SPECIALISTS LIMITED,Truck Tyre (Fixed/Unknown),Yes,No,01379569,active,,,,"Truck Tyre Specialists Warne Road, Winterstoke Commercial Centre, Weston-Super-Mare, BS23 3UU",BS23 3UU,,Yes,Companies House API
TA9 TRUCK TYRES LIMITED,Truck Tyre (Fixed/Unknown),Yes,No,16043526,active,,,,"Goodwood House, Blackbrook Park Avenue, Taunton, TA1 2PX",TA1 2PX,Somerset,Yes,Companies House API
TRUCK TYRE FLEET SERVICES LTD,Truck Tyre (Fixed/Unknown),Yes,No,16262244,active,,,,"1 Thorncliffe View, Leek, ST13 6QB",ST13 6QB,,Yes,Companies House API
TRUCK TYRE LEASING LIMITED,Truck Tyre (Fixed/Unknown),Yes,No,03158142,active,,,,"280 Main Road, Walters Ash, High Wycombe, HP14 4TJ",HP14 4TJ,Buckinghamshire,Yes,Companies House API
TRUCK TYRE SOLUTIONS LTD,Truck Tyre (Fixed/Unknown),Yes,No,05733614,active,,,,"Station Road, Rowley Regis, B65 0LJ",B65 0LJ,W Midlands,Yes,Companies House API
TRUCK TYRE SUPPLIES UK LIMITED,Truck Tyre (Fixed/Unknown),Yes,No,11032022,active,,,,"St Thomas House, 83 Wolverhampton Road, Cannock, WS11 1AR",WS11 1AR,Staffordshire,Yes,Companies House API
TRUCK TYRE WHOLESALERS LIMITED,Truck Tyre (Fixed/Unknown),Yes,No,13417279,active,,,,"12 Old Slade Lane, Iver, SL0 9DR",SL0 9DR,,Yes,Companies House API
TRUCK TYRES (LONDON) LIMITED,Truck Tyre (Fixed/Unknown),Yes,No,05853394,active,,,,"167 Turners Hill, Cheshunt, EN8 9BH",EN8 9BH,Hertfordshire,Yes,Companies House API
TRUCK TYRES 2 U LTD,Truck Tyre (Fixed/Unknown),Yes,No,12781618,active,,,,"C/O Knight Brown Accountants, 3 Crewe Road, Sandbach, CW11 4NE",CW11 4NE,Cheshire,Yes,Companies House API
TRUCK TYRES 4 U LTD,Truck Tyre (Fixed/Unknown),Yes,No,15543670,active,,,,"121 Lark Lane, Liverpool, L17 8UR",L17 8UR,,Yes,Companies House API
TRUCK TYRES DIRECT LIMITED,Truck Tyre (Fixed/Unknown),Yes,No,15105571,active,,,,"24 Dalkeith Place, Kettering, NN16 0BS",NN16 0BS,,Yes,Companies House API
TRUCK TYRES NATIONAL LTD,Truck Tyre (Fixed/Unknown),Yes,No,16707059,active,,,,"Unit 389 275 New North Road, Islington, London, N1 7AA",N1 7AA,,Yes,Companies House API
TRUCK TYRES ONLINE LTD,Truck Tyre (Fixed/Unknown),Yes,No,16049229,active,,,,"Booth Street Chambers, 32 Booth Street, Ashton-Under-Lyne, OL6 7LQ",OL6 7LQ,Lancashire,Yes,Companies House API
TRUCK TYRES UK LIMITED,Truck Tyre (Fixed/Unknown),Yes,No,SC644925,active,,,,"Blue Square Offices Ltd, Bath Street, Glasgow, G2 4JR",G2 4JR,,Yes,Companies House API
TT COMMERCIAL TYRES LTD,Truck Tyre (Fixed/Unknown),Yes,No,16846304,active,,,,"72 Springfield Avenue, Shirehampton, Bristol, England, BS11 9TQ",,,Yes,Companies House API
TYRE FIGHTER COMMERCIAL LTD,Truck Tyre (Fixed/Unknown),Yes,No,SC774234,active,,,,"5 Mayfield Grove, Dundee, Scotland, DD4 7GZ",,,Yes,Companies House API
TYRE FLEET SERVICES LIMITED,Truck Tyre (Fixed/Unknown),Yes,No,15959838,active,,,,"15959838 - COMPANIES HOUSE DEFAULT ADDRESS, Cardiff, CF14 8LH",CF14 8LH,,Yes,Companies House API
TYRES (NORTHAMPTON) COMMERCIAL LLP,Truck Tyre (Fixed/Unknown),Yes,No,OC305378,active,,,,"3 Warren Yard, Warren Park Stratford Road, Milton Keynes, Buckinghamshire, MK12 5NW",,,Yes,Companies House API
WESSEX COMMERCIAL TYRES LIMITED,Truck Tyre (Fixed/Unknown),Yes,No,06686704,active,,,,"139 Engineer Road, West Wilts Trading Estate, Westbury, Wiltshire, England, BA13 4JW",,,Yes,Companies House API
WIRRAL TYRES & COMMERCIAL LIMITED,Truck Tyre (Fixed/Unknown),Yes,No,05980097,active,,,,"16 Bassendale Road, Croft Business Park Bromborough, Wirral, CH62 3QL",,,Yes,Companies House API
1ST MOBILE TYRE FITTING LTD,Mobile Tyre (General),No,Yes,16652897,active,,,,"128 City Road, London, EC1V 2NX",EC1V 2NX,London,Yes,Companies House (mobile tyre fitting)
24 HOURS TYRES CARDIFF LTD,Mobile Tyre (General),No,Yes,16914677,active,,,,"20 Bessemer Road, Cardiff, CF11 8BA",CF11 8BA,Wales,Yes,Companies House (24 hour tyre)
24/7 AA MOBILE TYRE SERVICE LTD,Mobile Tyre (General),No,Yes,16020223,active,,,,"13 Oakleigh Court Church Hill Road, Barnet, EN4 8UX",EN4 8UX,London,Yes,Companies House (mobile tyre service)
24/7 ALPHA MOBILE TYRE SERVICE LTD,Mobile Tyre (General),No,Yes,16673127,active,,,,"190 Billet Road, London, E17 5DX",E17 5DX,London,Yes,Companies House (mobile tyre service)
24/7 EMERGENCY MOBILE TYRES SERVICE NORTH WEST LIMITED,Mobile Tyre (General),No,Yes,16584732,active,,,,"182 Chamber Road, Oldham, OL8 4DJ",OL8 4DJ,,Yes,Companies House (emergency tyre)
24/7 MOBILE TYRE SERVICES LTD,Mobile Tyre (General),No,Yes,09831724,active,,,,"Clemency Business Centre, 354a Hollinwood Avenue, Manchester, Greater Manchester, M40 0JB",M40 0JB,Greater Manchester,Yes,Companies House (mobile tyre service)
24/7 MOBILE TYRES SERVICES LTD,Mobile Tyre (General),No,Yes,16748148,active,,,,"64 Caburn Court, Crawley, RH11 8SX",RH11 8SX,,Yes,Companies House (mobile tyre service)
24/7 TYRE SERVICES LIMITED,Mobile Tyre (General),No,Yes,16624347,active,,,,"8 Beech Avenue, London, N20 9JT",N20 9JT,London,Yes,Companies House (24/7 tyre)
24/7 TYRES LTD,Mobile Tyre (General),No,Yes,09477081,active,,,,"Unit 4, Gibraltar House, Alfred Road, Wallasey, CH44 7HY",CH44 7HY,,Yes,Companies House (24/7 tyre)
247 BREAKDOWN TYRES LTD,Mobile Tyre (General),No,Yes,16804314,active,,,,"Em044 Hexagon Tower, Manchester, M9 8GQ",M9 8GQ,North West,Yes,Companies House (breakdown tyre)
247 TYRE CARE LTD,Mobile Tyre (General),No,Yes,16177411,active,,,,"2nd Floor Chestnut House, 24 North Street, Rugby, CV21 2AG",CV21 2AG,,Yes,Companies House (24/7 tyre)
247 TYRE MOBILE LTD,Mobile Tyre (General),No,Yes,12813847,active,,,,"65 Broadway, London, E15 4BQ",E15 4BQ,London,Yes,Companies House (24/7 tyre)
247TYREASSIST LIMITED,Mobile Tyre (General),No,Yes,15085619,active,,,,"36 Rutland Avenue, High Wycombe, Buckinghamshire, HP12 3JH",HP12 3JH,Buckinghamshire,Yes,Companies House (24/7 tyre)
247TYRES COV LTD,Mobile Tyre (General),No,Yes,15909435,active,,,,"1110 Coventry Business Park, Coventry, CV5 6UB",CV5 6UB,West Midlands,Yes,Companies House (24/7 tyre)
24HR MOBILE TYRES FITTING SERVICE LTD,Mobile Tyre (General),No,Yes,14367554,active,,,,"Unit 4 Church Street, Middleton, Manchester, M24 2PY",M24 2PY,North West,Yes,Companies House (mobile tyre fitting)
365 MOBILE TYRE SERVICES LTD,Mobile Tyre (General),No,Yes,15708133,active,,,,"46 Lacrosse Avenue, Oldham, OL8 4LU",OL8 4LU,,Yes,Companies House (mobile tyre service)
804 MOBILE TYRES LIMITED,Mobile Tyre (General),No,Yes,16322461,active,,,,"2 South Street, Bacup, OL13 9AP",OL13 9AP,,Yes,Companies House (mobile hgv tyre)
A J MOBILE TYRES 24/7 LIMITED,Mobile Tyre (General),No,Yes,15463546,active,,,,"124a Eversley Avenue, Bexleyheath, DA7 6RG",DA7 6RG,,Yes,Companies House (mobile tyres)
A TO ZEE MOBILE TYRES LIMITED,Mobile Tyre (General),No,Yes,16088736,active,,,,"Flat 13 Russell House, Cambridge Street, London, SW1V 4EQ",SW1V 4EQ,East of England,Yes,Companies House (mobile tyres)
A&L MOBILE TYRES LIMITED,Mobile Tyre (General),No,Yes,15420517,active,,,,"Crown House, 27 Old Gloucester Street, London, WC1N 3AX",WC1N 3AX,London,Yes,Companies House (mobile tyres)
A.D.S. MOBILE TYRES LIMITED,Mobile Tyre (General),No,Yes,11398996,active,,,,"Homedale House The Street, Homedale House, Kings Lynn, PE33 9JN",PE33 9JN,,Yes,Companies House (mobile tyres)
A.M MOBILE TYRES LTD,Mobile Tyre (General),No,Yes,14280065,active,,,,"323 The Civic Building High Street, Epping, CM16 4BZ",CM16 4BZ,,Yes,Companies House (mobile tyres)
A.N.S TYRES EMERGENCY MOBILE SERVICES 24HR LTD,Mobile Tyre (General),No,Yes,16243274,active,,,,"86 Wharf Street, Dukinfield, SK16 4RA",SK16 4RA,,Yes,Companies House (mobile tyres)
A1 MOBILE TYRE FITTING LTD,Mobile Tyre (General),No,Yes,SC863621,active,,,,"Admiral House, Montgomery Street, East Kilbride, G74 4BF",G74 4BF,Scotland,Yes,Companies House (mobile truck tyre)
A1 MOBILE TYRE LIMITED,Mobile Tyre (General),No,Yes,16252768,active,,,,"373 C/O Cater Pearson Limited 373 High Street North,, East Ham, London, E12 6PG",E12 6PG,London,Yes,Companies House (mobile truck tyre)
A2Z EXPRESS MOBILE TYRES LTD,Mobile Tyre (General),No,Yes,13241354,active,,,,"12 Limpsfield Avenue, Thornton Heath, CR7 6BE",CR7 6BE,,Yes,Companies House (mobile tyres)
A6 MOBILE TYRE FITTERS LTD,Mobile Tyre (General),No,Yes,16788360,active,,,,"200 Drake Street, Rochdale, OL16 1PJ",OL16 1PJ,,Yes,Companies House (mobile truck tyre)
AA MOBILE TYRES (BLACKBURN) LTD,Mobile Tyre (General),No,Yes,16139326,active,,,,"Unit 3 67 Canterbury Street, Blackburn, Canterbury Street, Blackburn, BB2 2HT",BB2 2HT,,Yes,Companies House (mobile tyres)
AAA MOBILE TYRES LIMITED,Mobile Tyre (General),No,Yes,15152050,active,,,,"Elite Hand Carwash, Molesworth Street, Rochdale, OL16 2AW",OL16 2AW,,Yes,Companies House (mobile tyres)
ACE MOBILE TYRES LTD,Mobile Tyre (General),No,Yes,13827143,active,,,,"21 Mill Parade, Newport, NP20 2JQ",NP20 2JQ,Wales,Yes,Companies House (mobile tyres)
ACTIVE MOBILE TYRE LTD,Mobile Tyre (General),No,Yes,13499342,active,,,,"54 Park Chase, Wembley, Middlesex, HA9 8EH",HA9 8EH,Middlesex,Yes,Companies House (mobile truck tyre)
ADE MOBILE TYRES LTD,Mobile Tyre (General),No,Yes,16313171,active,,,,"24 Anson Green, Newport, Gwent, NP19 9GN",NP19 9GN,Gwent,Yes,Companies House (mobile tyres)
AFFORDABLE MOBILE TYRES LTD,Mobile Tyre (General),No,Yes,16302488,active,,,,"101 Prebendal Avenue, Aylesbury, HP21 8LB",HP21 8LB,,Yes,Companies House (mobile tyres)
AI MOBILE TYRES LTD,Mobile Tyre (General),No,Yes,16762161,active,,,,"111a Burnt Oak Broadway, Edgware, HA8 5EN",HA8 5EN,,Yes,Companies House (mobile tyres)
AJM MOBILE TYRES & VEHICLE REPAIRS LTD,Mobile Tyre (General),No,Yes,15633206,active,,,,"28 Witch Elm, Harwich, CO12 4UB",CO12 4UB,,Yes,Companies House (mobile tyres)
AJR MOBILE TYRES LTD,Mobile Tyre (General),No,Yes,16283429,active,,,,"22 Tillycombe Road, Portland, Dorset, DT5 1LG",DT5 1LG,Dorset,Yes,Companies House (mobile tyres)
AKYS TYRES MOBILE TYRE FITTING LTD,Mobile Tyre (General),No,Yes,15798179,active,,,,"Quadrant House, Broad Street Mall, Reading, RG1 7QE",RG1 7QE,South East,Yes,Companies House (mobile tyres)
ALT MOBILE TYRE COMPANY LIMITED,Mobile Tyre (General),No,Yes,16496639,active,,,,"14 Great Park Close, Plymouth, PL7 2GP",PL7 2GP,South West,Yes,Companies House (mobile truck tyre)
AMERSHAM MOBILE TYRE SERVICE LTD,Mobile Tyre (General),No,Yes,13831822,active,,,,"28 Lowfield Way, Hazlemere, High Wycombe, HP15 7RR",HP15 7RR,,Yes,Companies House (mobile truck tyre)
AR MOBILES TYRES LTD,Mobile Tyre (General),No,Yes,16296088,active,,,,"3 Castleford Drive, Prestbury, Macclesfield, SK10 4BG",SK10 4BG,,Yes,Companies House (mobile tyres)
ASAP MOBILE TYRE LTD,Mobile Tyre (General),No,Yes,16329662,active,,,,"126 Wandsworth High Street, London, SW18 4JP",SW18 4JP,London,Yes,Companies House (mobile truck tyre)
ASHTON MOBILE TYRES LTD,Mobile Tyre (General),No,Yes,16109536,active,,,,"37 Hill Street, Ashton-Under-Lyne, Lancashire, OL7 0PZ",OL7 0PZ,Lancashire,Yes,Companies House (mobile tyres)
AUTOMOTIVE MOBILE TYRES LTD,Mobile Tyre (General),No,Yes,16890923,active,,,,"50 High Furlong, Banbury, OX16 1PR",OX16 1PR,,Yes,Companies House (mobile tyres)
AYAZ TYRES MOBILE SERVICE LTD,Mobile Tyre (General),No,Yes,15611342,active,,,,"Ayaz Tyres, 426 Whalebone Lane South, Chadwell Heath, Romford, RM6 6HP",RM6 6HP,Romford,Yes,Companies House (mobile tyres)
B MOBILE TYRES LTD,Mobile Tyre (General),No,Yes,12377239,active,,,,"Church Street Industrial Estate, Church Gresley, Swadlincote, Derbys, DE11 9NR",DE11 9NR,Derbys,Yes,Companies House (mobile tyres)
BAY MOBILE TYRES LTD,Mobile Tyre (General),No,Yes,16136646,active,,,,"110 Nottage Crescent, Braintree, CM7 2TX",CM7 2TX,,Yes,Companies House (mobile tyres)
BEAUCHAMP MOBILE TYRE SERVICES LIMITED,Mobile Tyre (General),No,Yes,16354316,active,,,,"Unit 11 Beauchamp Industrial, Watling Street, Tamworth, Staffordshire, B77 5BZ",B77 5BZ,Staffordshire,Yes,Companies House (mobile truck tyre)
BEN'S MOBILE TYRES LTD,Mobile Tyre (General),No,Yes,16258046,active,,,,"17 Stambourne Road, Leicester, LE5 0TY",LE5 0TY,East Midlands,Yes,Companies House (mobile tyres)
BERKSHIRE EMERGENCY TYRES LTD,Mobile Tyre (General),No,Yes,16321949,active,,,,"110 Liverpool Road, Reading, RG1 3PQ",RG1 3PQ,North West,Yes,Companies House (emergency tyre)
BEST FIT EXPRESS TYRES LTD,Mobile Tyre (General),No,Yes,14020489,active,,,,"58 Shrublands Avenue, Croydon, CR0 8JA",CR0 8JA,London,Yes,Companies House (express tyre mobile)
BILL'S MOBILE TYRES WICKFORD LTD,Mobile Tyre (General),No,Yes,15056324,active,,,,"Unit 35 Andersons Industrial Estate, Lower Park Road, Wickford, Essex, SS12 9EJ",SS12 9EJ,Essex,Yes,Companies House (mobile tyres)
BM MOBILE TYRES LTD,Mobile Tyre (General),No,Yes,SC868813,active,,,,"72 Mulben Crescent, Glasgow, G53 7EH",G53 7EH,Scotland,Yes,Companies House (mobile tyres)
BM RECOVERY & MOBILE TYRE SERVICES LTD,Mobile Tyre (General),No,Yes,15723449,active,,,,"61 Cooksey Road, Birmingham, B10 0BY",B10 0BY,West Midlands,Yes,Companies House (mobile hgv tyre)
BMT MOBILE TYRE LTD,Mobile Tyre (General),No,Yes,16519980,active,,,,"Office 13051 182-184 High Street North, East Ham, London, E6 2JA",E6 2JA,London,Yes,Companies House (mobile hgv tyre)
BOB’S MOBILE TYRES LTD,Mobile Tyre (General),No,Yes,15463466,active,,,,"Brunel House 11 The Promenade, Clifton, Bristol, BS8 3NG",BS8 3NG,South West,Yes,Companies House (mobile tyres)
BRISTOL 24/7 MOBILE TYRES LTD,Mobile Tyre (General),No,Yes,16243632,active,,,,"Unit 11 Cater Business Park, 23 Cater Road, Bristol, BS13 7TW",BS13 7TW,South West,Yes,Companies House (mobile tyres)
BRISTOL MOBILE TYRES LTD,Mobile Tyre (General),No,Yes,13574763,active,,,,"Meadowview, Ram Hill, Gloucestershire, BS36 2TX",BS36 2TX,Gloucestershire,Yes,Companies House (mobile tyres)
BRIT MOBILE TYRES LTD,Mobile Tyre (General),No,Yes,16434156,active,,,,"413 Oxford Road, Reading, RG30 1HA",RG30 1HA,South East,Yes,Companies House (mobile tyres)
BUCKS MOBILE TYRES LTD,Mobile Tyre (General),No,Yes,16521887,active,,,,"Flat 12 Fleming Court Grange Road, Chalfont St. Peter, Gerrards Cross, SL9 9FL",SL9 9FL,,Yes,Companies House (mobile tyres)
BUCKS SOS MOBILE TYRES LIMITED,Mobile Tyre (General),No,Yes,15832289,active,,,,"101 Prebendal Avenue, Aylesbury, HP21 8LB",HP21 8LB,,Yes,Companies House (mobile tyres)
BULLET MOBILE TYRES LTD,Mobile Tyre (General),No,Yes,16946759,active,,,,"53 Dunraven Avenue, Luton, LU1 1TP",LU1 1TP,,Yes,Companies House (mobile tyres)
BW MOBILE TYRES LIMITED,Mobile Tyre (General),No,Yes,16237954,active,,,,"10 Corporation Road, Newport, NP19 0AR",NP19 0AR,Wales,Yes,Companies House (mobile tyres)
CALL OUT TYRES LTD,Mobile Tyre (General),No,Yes,15580412,active,,,,"7 Dudley Road, Romford, RM3 8LH",RM3 8LH,,Yes,Companies House (callout tyre)
CANTERBURY MOBILE TYRES LIMITED,Mobile Tyre (General),No,Yes,13146457,active,,,,"37 Mill Road, Sturry, Canterbury, CT2 0AR",CT2 0AR,,Yes,Companies House (mobile tyres)
CAPITAL MOBILE TYRES LTD,Mobile Tyre (General),No,Yes,16361038,active,,,,"Capital, Capital Tures, North Farm Road, Tunbridge Wells, TN2 3DP",TN2 3DP,,Yes,Companies House (mobile tyres)
CENTRAL LONDON MOBILE TYRES LTD,Mobile Tyre (General),No,Yes,16453035,active,,,,"191 Homerton High Street, London, E9 6BB",E9 6BB,London,Yes,Companies House (mobile tyres)
CHESHIRE MOBILE TYRES LTD,Mobile Tyre (General),No,Yes,12180374,active,,,,"Unit 7a Swindells Yard, New Mills, High Peak, SK22 4NS",SK22 4NS,,Yes,Companies House (mobile tyres)
CITY MOBILE TYRES LIMITED,Mobile Tyre (General),No,Yes,16479326,active,,,,"1 Sturgess Street, Stoke-On-Trent, ST4 7QH",ST4 7QH,West Midlands,Yes,Companies House (mobile tyres)
CLECKHEATON MOBILE TYRES LTD,Mobile Tyre (General),No,Yes,16858218,active,,,,"21 Hyde Park Road, Leeds, West Yorkshire, LS6 1PY",LS6 1PY,West Yorkshire,Yes,Companies House (mobile tyres)
CONNORS MOBILE TYRES LTD,Mobile Tyre (General),No,Yes,16913395,active,,,,"Norwich Accountancy, 19 Upper King Street, Norwich, Norfolk, NR3 1RB",NR3 1RB,Norfolk,Yes,Companies House (mobile tyres)
COS MOBILE TYRE FITTING LIMITED,Mobile Tyre (General),No,Yes,16915151,active,,,,"9 Dandridge Court, Grange Farm, Milton Keynes, MK8 0PQ",MK8 0PQ,,Yes,Companies House (mobile hgv tyre)
CRAWLEY MOBILE TYRE TEAM LIMITED,Mobile Tyre (General),No,Yes,16281720,active,,,,"32 Raymead Avenue, Thornton Heath, CR7 7SA",CR7 7SA,,Yes,Companies House (mobile hgv tyre)
CREATIONS MOBILE TYRES LIMITED,Mobile Tyre (General),No,Yes,16015165,active,,,,"6th Floor, Amp House, Dingwall Road, Croydon, CR0 2LX",CR0 2LX,London,Yes,Companies House (mobile tyres)
D TYRE MOBILE UK LTD,Mobile Tyre (General),No,Yes,16089423,active,,,,"149 Spon Lane, West Bromwich, B70 6AS",B70 6AS,,Yes,Companies House (mobile hgv tyre)
DANS MOBILE TYRES 24/7 LTD,Mobile Tyre (General),No,Yes,16178507,active,,,,"8 Southfield Road, Hull, HU5 4ES",HU5 4ES,Yorkshire,Yes,Companies House (mobile tyres)
DANS MOBILE TYRES LTD,Mobile Tyre (General),No,Yes,16056371,active,,,,"105 London Road, Benfleet, SS7 5TG",SS7 5TG,London,Yes,Companies House (mobile tyres)
DARREN MOBILE TYRES LTD,Mobile Tyre (General),No,Yes,15916101,active,,,,"42 Central Drive, Trevethin, Pontypool, NP4 8EF",NP4 8EF,Wales,Yes,Companies House (mobile tyres)
DC EMERGENCY TYRE FITTING LTD,Mobile Tyre (General),No,Yes,16921225,active,,,,"1 Royd Close, Worsbrough, Barnsley, S70 5JT",S70 5JT,,Yes,Companies House (emergency tyre)
DEA EMERGENCY TYRES LIMITED,Mobile Tyre (General),No,Yes,15362414,active,,,,"15 Norfolk Road, Dudley, DY2 0UG",DY2 0UG,,Yes,Companies House (emergency tyre)
DENNYS MOBILE TYRES LTD,Mobile Tyre (General),No,Yes,SC840926,active,,,,"3 Rosehall Crescent, Uddingston, Glasgow, G71 7FQ",G71 7FQ,Scotland,Yes,Companies House (mobile tyres)
DG MOBILE TYRES LTD,Mobile Tyre (General),No,Yes,12268134,active,,,,"Unit 20 Palmerston Drive, Fareham, Hampshire, PO14 1DJ",PO14 1DJ,Hampshire,Yes,Companies House (mobile tyres)
DL MOBILE TYRES LTD,Mobile Tyre (General),No,Yes,16305833,active,,,,"Abergarw Service Station Llangeinor Road, Brynmenyn, Bridgend, CF32 9LY",CF32 9LY,Wales,Yes,Companies House (mobile tyres)
DOT MOBILE TYRES LTD,Mobile Tyre (General),No,Yes,10650207,active,,,,"72 The Frithe, Slough, SL2 5SU",SL2 5SU,,Yes,Companies House (mobile tyres)
DOW MOBILE TYRES LIMITED,Mobile Tyre (General),No,Yes,16643241,active,,,,"C/O Archer Associates Churchill House, 120 Bunns Lane, London, London, NW7 2AS",NW7 2AS,London,Yes,Companies House (mobile tyres)
DRIVE BY MOBILE TYRES LTD,Mobile Tyre (General),No,Yes,14947090,active,,,,"109 Woodside Avenue, Benfleet, SS7 4NU",SS7 4NU,,Yes,Companies House (mobile tyres)
DSD MOBILE TYRES LTD,Mobile Tyre (General),No,Yes,09778470,active,,,,"Unit 2 The Old Feed Mills Main Road, Mosterton, Beaminster, Dorset, DT8 3HG",DT8 3HG,Dorset,Yes,Companies House (mobile tyres)
DTS MOBILE TYRES SERVICES LIMITED,Mobile Tyre (General),No,Yes,10468871,active,,,,"91 Handsworth New Road, Handsworth, Birmingham, B18 4QQ",B18 4QQ,West Midlands,Yes,Companies House (mobile tyres)
EASY FIX MOBILE TYRES LTD,Mobile Tyre (General),No,Yes,12185463,active,,,,"17 Ainthorpe Grove, Hull, East Yorkshire, HU5 5EA",HU5 5EA,East Yorkshire,Yes,Companies House (mobile tyres)
EASY MOBILE TYREFIT LTD,Mobile Tyre (General),No,Yes,05254280,active,,,,"Hoylake Service Station, 29 Hoylake Road, Moreton, Wirral, CH46 5NA",CH46 5NA,Wirral,Yes,Companies House (mobile hgv tyre)
ELITE MOBILE TYRES LTD,Mobile Tyre (General),No,Yes,16250629,active,,,,"71-75 Shelton Street, Covent Garden, London, WC2H 9JQ",WC2H 9JQ,London,Yes,Companies House (mobile hgv tyre)
EMERGENCY MOBILE TYRES LTD,Mobile Tyre (General),No,Yes,16533047,active,,,,"124 City Road, London, London, EC1V 2NX",EC1V 2NX,London,Yes,Companies House (mobile commercial tyre)
EMERGENCY TYRE LTD,Mobile Tyre (General),No,Yes,15221576,active,,,,"5 Ribblesdale Place, Preston, PR1 8BZ",PR1 8BZ,North West,Yes,Companies House (emergency tyre)
EMERGENCY TYRE REPAIRS LTD,Mobile Tyre (General),No,Yes,14876840,active,,,,"97 Judd Street, London, WC1H 9JG",WC1H 9JG,London,Yes,Companies House (emergency tyre)
EMERGENCY TYRE RESCUE LTD,Mobile Tyre (General),No,Yes,16367455,active,,,,"13 Throwley Close, London, SE2 9LB",SE2 9LB,London,Yes,Companies House (emergency tyre)
EMERGENCY TYRES 24/7 LTD,Mobile Tyre (General),No,Yes,15410714,active,,,,"Suite 9 Dalton House, 60 Windsor Avenue, London, SW19 2RR",SW19 2RR,London,Yes,Companies House (emergency tyre)
EPPING STATION MOBILE TYRES LIMITED,Mobile Tyre (General),No,Yes,16646099,active,,,,"161 Forest Road, London, E17 6HE",E17 6HE,London,Yes,Companies House (mobile commercial tyre)
EVEREST MOBILE TYRE LTD,Mobile Tyre (General),No,Yes,16600510,active,,,,"Flat 9 Windmill Court, High Street, Aldershot, GU12 4ND",GU12 4ND,,Yes,Companies House (mobile commercial tyre)
EVERY ROAD MOBILE TYRES LTD,Mobile Tyre (General),No,Yes,16941103,active,,,,"15 Prescott Avenue, Banbury, OX16 0RE",OX16 0RE,,Yes,Companies House (mobile commercial tyre)
EXETER MOBILE TYRES LIMITED,Mobile Tyre (General),No,Yes,16540287,active,,,,"Courtenay House, Pynes Hill, Exeter, Devon, EX2 5AZ",EX2 5AZ,Devon,Yes,Companies House (mobile commercial tyre)
EXPRESS MOBILE TYRES LIMITED,Mobile Tyre (General),No,Yes,16611857,active,,,,"3 Eastcourt Avenue, Earley, Reading, RG6 1HH",RG6 1HH,South East,Yes,Companies House (mobile commercial tyre)
EXTRA MILE MOBILE TYRES LTD,Mobile Tyre (General),No,Yes,14412838,active,,,,"Regus- Admirals Park Victory Way, Crossways Business Park, Dartford, Kent, DA2 6QD",DA2 6QD,Kent,Yes,Companies House (mobile commercial tyre)
FALCON MOBILE TYRE FITTING LTD,Mobile Tyre (General),No,Yes,15541400,active,,,,"190 Billet Road, London, E17 5DX",E17 5DX,London,Yes,Companies House (mobile commercial tyre)
FAST MOBILE TYRES & RECOVERY LIMITED,Mobile Tyre (General),No,Yes,16919502,active,,,,"Flat 1 24 Priory Road, High Wycombe, HP13 6SL",HP13 6SL,,Yes,Companies House (mobile commercial tyre)
FAST RESPONSE MOBILE TYRES LTD,Mobile Tyre (General),No,Yes,15559636,active,,,,"89 Invito House 1-7 Bramley Crescent, Ilford, IG2 6NU",IG2 6NU,,Yes,Companies House (mobile commercial tyre)
FAST TYRE FITTING MOBILE LTD,Mobile Tyre (General),No,Yes,16373264,active,,,,"Official 125,Mill Hill House, 6 The Broadway,Mill Hill, London, NW7 3LL",NW7 3LL,London,Yes,Companies House (mobile tyre fitting)
FASTFIT MOBILE TYRES LTD,Mobile Tyre (General),No,Yes,16736091,active,,,,"45-49 Station Road, Hampton, TW12 2BU",TW12 2BU,,Yes,Companies House (mobile commercial tyre)
FLASH MOBILE TYRE SERVICE LIMITED,Mobile Tyre (General),No,Yes,16096622,active,,,,"33 Tern Crescent, Rochester, ME2 2RG",ME2 2RG,,Yes,Companies House (mobile tyre service)
FT MOBILE TYRE SERVICES LIMITED,Mobile Tyre (General),No,Yes,15940112,active,,,,"55 Vernon Road 55 Vernon Road, ,, Rotherham, S60 3NL",S60 3NL,,Yes,Companies House (mobile tyre service)
G1 MOBILE TYRE SERVICES LTD,Mobile Tyre (General),No,Yes,12555105,active,,,,"Flat 3b The Fairmead Park Street, Colnbrook, Slough, SL3 0HS",SL3 0HS,,Yes,Companies House (mobile tyre service)
H.K MOBILE TYRE SERVICES LTD,Mobile Tyre (General),No,Yes,15352358,active,,,,"33 Roydstone Terrace, Bradford, BD3 7EW",BD3 7EW,Yorkshire,Yes,Companies House (mobile tyre service)
HERTS BEDS AND BUCKS MOBILE TYRE SERVICES LTD,Mobile Tyre (General),No,Yes,15997966,active,,,,"21 Stanford Road, Southill, Biggleswade, SG18 9HX",SG18 9HX,,Yes,Companies House (mobile tyre service)
HOLDEN COMMUNICATIONS T/A EXPRESS MOBILE TYRES LIMITED,Mobile Tyre (General),No,Yes,03359010,active,,,,"1 Bowood Court, Winwick Quay, Warrington, Cheshire, WA2 8QZ",WA2 8QZ,Cheshire,Yes,Companies House (express tyre mobile)
J & R MOBILE TYRES SERVICE LTD,Mobile Tyre (General),No,Yes,11673874,active,,,,"3 Hillside, London, NW9 0NE",NW9 0NE,London,Yes,Companies House (mobile tyre service)
JET MOBILE TYRE FITTING LTD,Mobile Tyre (General),No,Yes,15603994,active,,,,"Flat 5 80 The Grove, Edgware, HA8 9QB",HA8 9QB,,Yes,Companies House (mobile tyre fitting)
JF MOBILE TYRE SERVICES LTD,Mobile Tyre (General),No,Yes,16881538,active,,,,"175a Staplegrove Road, Taunton, TA2 6AF",TA2 6AF,,Yes,Companies House (mobile tyre service)
JHS BREAKDOWN RECOVERY & MOBILE TYRES LTD,Mobile Tyre (General),No,Yes,15136590,active,,,,"14 Charnborough Road, Coalville, LE67 4SF",LE67 4SF,,Yes,Companies House (breakdown tyre)
JRE MOBILE TYRE SERVICES LIMITED,Mobile Tyre (General),No,Yes,15389639,active,,,,"45 Tack Farm Road, Stourbridge, DY8 5DR",DY8 5DR,,Yes,Companies House (mobile tyre service)
K K MOBILE TYRE SERVICE LIMITED,Mobile Tyre (General),No,Yes,06247600,active,,,,"19 Whist Avenue, Wickford, SS11 8LN",SS11 8LN,,Yes,Companies House (mobile tyre service)
KEITH DOUGAN MOBILE TYRE SERVICES LTD,Mobile Tyre (General),No,Yes,NI683013,active,,,,"4 Nursery Road, Armagh, Armagh, Armagh, BT60 4AR",BT60 4AR,Armagh,Yes,Companies House (mobile tyre service)
KENT MOBILE TYRES SERVICES LTD,Mobile Tyre (General),No,Yes,15803134,active,,,,"1 Fareham Walk, Maidstone, ME15 8UW",ME15 8UW,,Yes,Companies House (mobile tyre service)
LEEDS RAPID MOBILE TYRES LIMITED,Mobile Tyre (General),No,Yes,16154598,active,,,,"15 Sandhurst Place, Leeds, LS8 3QW",LS8 3QW,Yorkshire,Yes,Companies House (rapid tyre)
LEO’S EMERGENCY MOBILE TYRE FITTING LTD,Mobile Tyre (General),No,Yes,15095419,active,,,,"6 Golden Hillock Road, Dudley, West Midlands, DY2 0AQ",DY2 0AQ,West Midlands,Yes,Companies House (emergency tyre)
LIFESAVERS EMERGENCY TYRE SERVICE 24HR LTD,Mobile Tyre (General),No,Yes,11107730,active,,,,"10 Springfield Mount, London, NW9 0SR",NW9 0SR,London,Yes,Companies House (emergency tyre)
LIFESAVERS EMERGENCY TYRES LTD,Mobile Tyre (General),No,Yes,15731828,active,,,,"15c Vancouver Road, Edgware, HA8 5DB",HA8 5DB,,Yes,Companies House (emergency tyre)
LONDON MOBILE TYRE EXPRESS 24/7 LTD,Mobile Tyre (General),No,Yes,16035715,active,,,,"9 Regency House, 5 Vanguard Way, London, E17 6DX",E17 6DX,London,Yes,Companies House (express tyre mobile)
LONDON'S MOBILE TYRE FITTING LIMITED,Mobile Tyre (General),No,Yes,13756687,active,,,,"6 Unit 8, Free Prae Road, Chertsey, KT16 8EA",KT16 8EA,,Yes,Companies House (mobile tyre fitting)
LUX TYRES MOBILE TYRE FITTING LTD,Mobile Tyre (General),No,Yes,14218095,active,,,,"119 Hopwood Lane, Halifax, HX1 4HB",HX1 4HB,,Yes,Companies House (mobile tyre fitting)
M4 TYRES MOBILE SERVICES LTD,Mobile Tyre (General),No,Yes,14879415,active,,,,"M4 Service Link Road (East), Off North Hyde Lane, Hounslow, TW5 0EP",TW5 0EP,,Yes,Companies House (mobile tyre service)
MANCHESTER MOBILE TYRE SERVICE LTD,Mobile Tyre (General),No,Yes,11812997,active,,,,"731 Stockport Road Stockport Road, Manchester, M19 3AR",M19 3AR,North West,Yes,Companies House (mobile tyre service)
MHA MOBILE TYRE FITTING LTD,Mobile Tyre (General),No,Yes,16114942,active,,,,"16 Robbinswood, Bushmead, Luton, England, LU2 7YU",LU2 7YU,England,Yes,Companies House (mobile tyre fitting)
MICHAEL'S MOBILE TYRE SERVICES LTD,Mobile Tyre (General),No,Yes,12649320,active,,,,"58 Fairfield Road, London, London, N18 2QJ",N18 2QJ,London,Yes,Companies House (mobile tyre service)
MIDLANDS MOBILE TYRE SERVICE LTD,Mobile Tyre (General),No,Yes,15646278,active,,,,"45a Formans Road, Sparkhill, Birmingham, B11 3AR",B11 3AR,West Midlands,Yes,Companies House (mobile tyre service)
MILTON KEYNES MOBILE TYRE FITTING LTD,Mobile Tyre (General),No,Yes,16689032,active,,,,"75 Foxholes Close, Deanshanger, Milton Keynes, MK19 6HA",MK19 6HA,,Yes,Companies House (mobile tyre fitting)
MOBILE EMERGENCY TYRE & RECOVERY SERVICE LTD,Mobile Tyre (General),No,Yes,16187472,active,,,,"60 Lyndhurst Road, Tilehurst, Reading, RG30 6UA",RG30 6UA,South East,Yes,Companies House (emergency tyre)
MOBILE MECHANIC & TYRES SERVICE OXFORD LTD,Mobile Tyre (General),No,Yes,16677340,active,,,,"1 Windmill Road, Headington, Oxford, OX3 7BL",OX3 7BL,South East,Yes,Companies House (mobile tyre service)
MOBILE TYRE & SERVICES LTD,Mobile Tyre (General),No,Yes,16750217,active,,,,"Unit 480 Cantrell Road, London, E3 4BN",E3 4BN,London,Yes,Companies House (mobile tyre)
MOBILE TYRE ASSIST LTD,Mobile Tyre (General),No,Yes,15996995,active,,,,"42 Culver Lane, Reading, RG6 1DY",RG6 1DY,South East,Yes,Companies House (mobile tyre)
MOBILE TYRE BAY LTD,Mobile Tyre (General),No,Yes,15037362,active,,,,"163 West Wycombe Road, Lower Ground Floor, High Wycombe, HP12 3AB",HP12 3AB,,Yes,Companies House (mobile tyre)
MOBILE TYRE BUDDY LTD,Mobile Tyre (General),No,Yes,15179263,active,,,,"19 Radnor Street, Oldham, OL9 7RH",OL9 7RH,,Yes,Companies House (mobile tyre)
MOBILE TYRE CENTRE LTD,Mobile Tyre (General),No,Yes,16592144,active,,,,"20 Wenlock Road, London, N1 7GU",N1 7GU,London,Yes,Companies House (mobile tyre)
MOBILE TYRE CLINIC LTD,Mobile Tyre (General),No,Yes,13780015,active,,,,"Unit 3e, Autumn Yard, 39 Autumn Street, London, E3 2TT",E3 2TT,London,Yes,Companies House (mobile tyre)
MOBILE TYRE COMPANY (LAXFIELD) LIMITED,Mobile Tyre (General),No,Yes,13370188,active,,,,"Potash Farm, Dennington Road, Laxfield, Nr Woodbridge, Suffolk, IP13 8HJ",IP13 8HJ,Suffolk,Yes,Companies House (mobile tyre)
MOBILE TYRE EXPERTS 24*7 LTD,Mobile Tyre (General),No,Yes,15498767,active,,,,"25 Walnut Tree Road, Hounslow, TW5 0LP",TW5 0LP,,Yes,Companies House (mobile tyre)
MOBILE TYRE EXPERTS LTD,Mobile Tyre (General),No,Yes,15203000,active,,,,"11 Maryland Road, Thornton Heath, Surrey, CR7 8DG",CR7 8DG,Surrey,Yes,Companies House (mobile tyre)
MOBILE TYRE FITTER LTD,Mobile Tyre (General),No,Yes,15243488,active,,,,"34 Galeys Road, Chelysmore, CV3 5GN",CV3 5GN,,Yes,Companies House (mobile tyre)
MOBILE TYRE FITTING BICESTER 24/7 MOBILE TYRE DOCTOR LTD,Mobile Tyre (General),No,Yes,16880970,active,,,,"20 Jesse Terrace, Reading, RG1 7RT",RG1 7RT,South East,Yes,Companies House (mobile tyre)
MOBILE TYRE FITTING CHELMSFORD LTD,Mobile Tyre (General),No,Yes,16742870,active,,,,"Ashtree Farm Boyton Cross, Roxwell, Chelmsford, CM1 4LP",CM1 4LP,,Yes,Companies House (mobile tyre)
MOBILE TYRE FITTING LONDON LTD,Mobile Tyre (General),No,Yes,09352380,active,,,,"84 Brunswick Park Road, London, N11 1JJ",N11 1JJ,London,Yes,Companies House (mobile tyre)
MOBILE TYRE FITTING LTD,Mobile Tyre (General),No,Yes,16074427,active,,,,"34 Galeys Road, Chelysmore, CV3 5GN",CV3 5GN,,Yes,Companies House (mobile tyre)
MOBILE TYRE FITTING NEAR ME LTD,Mobile Tyre (General),No,Yes,16584789,active,,,,"128 Uxbridge Road, London, W12 8AA",W12 8AA,London,Yes,Companies House (mobile tyre)
MOBILE TYRE FITTING OXFORD 24/7 MOBILE TYRE DOCTOR LTD,Mobile Tyre (General),No,Yes,16880836,active,,,,"20 Jesse Terrace, Reading, RG1 7RT",RG1 7RT,South East,Yes,Companies House (mobile tyre)
MOBILE TYRE FITTING READING 24/7 MOBILE TYRE DOCTOR LTD,Mobile Tyre (General),No,Yes,16880750,active,,,,"20 Jesse Terrace, Reading, RG1 7RT",RG1 7RT,South East,Yes,Companies House (mobile tyre)
MOBILE TYRE FITTING STRATFORD LTD,Mobile Tyre (General),No,Yes,15521074,active,,,,"49 Maryland Square, Stratford, London, E15 1HF",E15 1HF,London,Yes,Companies House (mobile tyre)
MOBILE TYRE FITTING TEES VALLEY LTD,Mobile Tyre (General),No,Yes,16389024,active,,,,"6 Heslop Street, Thornaby, Stockton On Tees, TS17 7HA",TS17 7HA,,Yes,Companies House (mobile tyre)
MOBILE TYRE FIXER LTD,Mobile Tyre (General),No,Yes,15443132,active,,,,"34 Galeys Road, Chelysmore, CV3 5GN",CV3 5GN,,Yes,Companies House (mobile tyre)
MOBILE TYRE FORCE LTD,Mobile Tyre (General),No,Yes,14728776,active,,,,"Portland House, Belmont Business Park, Durham, DH1 1TW",DH1 1TW,North East,Yes,Companies House (mobile tyre)
MOBILE TYRE FUSION LTD,Mobile Tyre (General),No,Yes,16907203,active,,,,"142 Windsor Road, Ilford, IG1 1HE",IG1 1HE,,Yes,Companies House (mobile tyre)
MOBILE TYRE GIANT LTD,Mobile Tyre (General),No,Yes,10612276,active,,,,"Gutteridge Works, Western Avenue, Uxbridge, UB10 9AP",UB10 9AP,,Yes,Companies House (mobile tyre)
MOBILE TYRE GROUP LTD,Mobile Tyre (General),No,Yes,16143084,active,,,,"19 Jennings Place, Bradford, West Yorkshire, BD7 3EZ",BD7 3EZ,West Yorkshire,Yes,Companies House (mobile tyre)
MOBILE TYRE HUB LTD,Mobile Tyre (General),No,Yes,13417642,active,,,,"03 Eastcourt Avenue, Earley, Reading, RG6 1HH",RG6 1HH,South East,Yes,Companies House (mobile tyre)
MOBILE TYRE LAB LTD,Mobile Tyre (General),No,Yes,16914529,active,,,,"35b Greenleaf Road, London, E17 6QN",E17 6QN,London,Yes,Companies House (mobile tyre)
MOBILE TYRE LEICESTER LIMITED,Mobile Tyre (General),No,Yes,15261798,active,,,,"389 Abbey Lane, Leicester, LE4 5QJ",LE4 5QJ,East Midlands,Yes,Companies House (mobile tyre)
MOBILE TYRE LONDON LTD,Mobile Tyre (General),No,Yes,15950257,active,,,,"11 Florida Road, Thornton Heath, CR7 8EY",CR7 8EY,,Yes,Companies House (mobile tyre)
MOBILE TYRE MATES LTD,Mobile Tyre (General),No,Yes,16667811,active,,,,"172 Newport Road, Aldershot, GU12 4PZ",GU12 4PZ,Wales,Yes,Companies House (mobile tyre)
MOBILE TYRE MEDICS LIMITED,Mobile Tyre (General),No,Yes,15959771,active,,,,"6 Fallowfield Drive, Newport, NP19 4TD",NP19 4TD,Wales,Yes,Companies House (mobile tyre)
MOBILE TYRE PROFESSIONALS LIMITED,Mobile Tyre (General),No,Yes,08335032,active,,,,"11 Lynx Crescent, Weston-Super-Mare, BS24 9DJ",BS24 9DJ,,Yes,Companies House (mobile tyre)
MOBILE TYRE REPAIR TEAM LTD,Mobile Tyre (General),No,Yes,15949849,active,,,,"662 High Road, London, N12 0NL",N12 0NL,London,Yes,Companies House (mobile tyre)
MOBILE TYRE REPLACEMENT LIMITED,Mobile Tyre (General),No,Yes,16284277,active,,,,"26 Lottie Road, Birmingham, B29 6JZ",B29 6JZ,West Midlands,Yes,Companies House (mobile tyre)
MOBILE TYRE RESCUE LTD,Mobile Tyre (General),No,Yes,13600322,active,,,,"464 Wokingham Road, Earley, Reading, RG6 7HY",RG6 7HY,South East,Yes,Companies House (mobile tyre)
MOBILE TYRE RESCUE SERVICE LTD,Mobile Tyre (General),No,Yes,16887384,active,,,,"Flat 12 Banstead Court, 50 Westway, London, W12 0QH",W12 0QH,London,Yes,Companies House (mobile tyre)
MOBILE TYRE RESCUE24/7 LTD,Mobile Tyre (General),No,Yes,16538155,active,,,,"61 Delamare Road, Hayes, UB4 0NN",UB4 0NN,,Yes,Companies House (mobile tyre)
MOBILE TYRE RUNNER LTD,Mobile Tyre (General),No,Yes,16153839,active,,,,"93 Vale Crescent South, Nottingham, NG8 3PQ",NG8 3PQ,East Midlands,Yes,Companies House (mobile tyre)
MOBILE TYRE SERVICES 247 LTD,Mobile Tyre (General),No,Yes,16427788,active,,,,"599 London Road, Earley, Reading, Berkshire, RG6 1AT",RG6 1AT,Berkshire,Yes,Companies House (mobile tyre)
MOBILE TYRE SERVICES LTD,Mobile Tyre (General),No,Yes,13660241,active,,,,"15 Redman Road, High Wycombe, HP12 4PH",HP12 4PH,,Yes,Companies House (mobile tyre)
MOBILE TYRE SERVICES MANCHESTER LIMITED,Mobile Tyre (General),No,Yes,09212733,active,,,,"Unit 1 Sandywood Depot Lumns Lane, Clifton, Swinton, Manchester, M27 8LH",M27 8LH,North West,Yes,Companies House (mobile tyre)
MOBILE TYRE SOLUTIONS LTD,Mobile Tyre (General),No,Yes,15161657,active,,,,"Acorn House, Bower Street, Oldham, OL1 3PH",OL1 3PH,,Yes,Companies House (mobile tyre)
MOBILE TYRE SPECIALISTS LIMITED,Mobile Tyre (General),No,Yes,15974806,active,,,,"126 Wish Hill, Eastbourne, BN20 9HL",BN20 9HL,,Yes,Companies House (mobile tyre)
MOBILE TYRE SURGEONS LIMITED,Mobile Tyre (General),No,Yes,15550602,active,,,,"39 Granton Road, London, SW16 5AN",SW16 5AN,London,Yes,Companies House (mobile tyre)
MOBILE TYRE TECH LIMITED,Mobile Tyre (General),No,Yes,15765179,active,,,,"6 Free Prae Road, Chertsey, KT16 8EA",KT16 8EA,,Yes,Companies House (mobile tyre)
MOBILE TYRE XPRESS LTD,Mobile Tyre (General),No,Yes,16200071,active,,,,"3 Vienna Close, Ilford, IG5 0PU",IG5 0PU,,Yes,Companies House (mobile tyre)
MOBILE TYRE ZONE LTD,Mobile Tyre (General),No,Yes,15977857,active,,,,"20 Berkeley Avenue, Reading, Berkshire, RG1 6JE",RG1 6JE,Berkshire,Yes,Companies House (mobile tyre)
MOBILE TYREMAN LIMITED,Mobile Tyre (General),No,Yes,13178058,active,,,,"East London Business Centre, 93-101 Greenfield Road, London, E1 1EJ",E1 1EJ,London,Yes,Companies House (mobile tyre)
MOBILE TYRES & MECHANIC LTD,Mobile Tyre (General),No,Yes,14055418,active,,,,"662 High Road, London, N12 0NL",N12 0NL,London,Yes,Companies House (mobile tyre)
MOBILE TYRES (GOOLE) LIMITED,Mobile Tyre (General),No,Yes,08450293,active,,,,"Mobile Tyres (Goole), Mariners Street, Goole, East Yorkshire, DN14 5BS",DN14 5BS,East Yorkshire,Yes,Companies House (mobile tyre)
MOBILE TYRES 2 U LTD,Mobile Tyre (General),No,Yes,07420840,active,,,,"Southside Farm White Hill, London Road, Wooburn Moor, High Wycombe, Buckinghamshire, HP10 0NN",HP10 0NN,Buckinghamshire,Yes,Companies House (mobile tyre)
MOBILE TYRES 247 LTD,Mobile Tyre (General),No,Yes,15191066,active,,,,"310 High Road, Wood Green, London, N22 8JR",N22 8JR,London,Yes,Companies House (mobile tyre)
MOBILE TYRES 4 YOU LTD,Mobile Tyre (General),No,Yes,12406929,active,,,,"117 Dartford Rd, Dartford, Kent, DA1 3EN",DA1 3EN,Kent,Yes,Companies House (mobile tyre)
MOBILE TYRES DOCTOR LTD,Mobile Tyre (General),No,Yes,16709742,active,,,,"41 Hogarth Road, Ipswich, IP3 0HA",IP3 0HA,East of England,Yes,Companies House (mobile tyre)
MOBILE TYRES LIMITED,Mobile Tyre (General),No,Yes,07586783,active,,,,"The Courtyard Shoreham Road, Upper Beeding, Steyning, West Sussex, BN44 3TN",BN44 3TN,West Sussex,Yes,Companies House (mobile tyre)
MOBILE TYRES LOCAL LTD,Mobile Tyre (General),No,Yes,15349702,active,,,,"3rd Floor, 86-90 Paul Street, London, EC2A 4NE",EC2A 4NE,London,Yes,Companies House (mobile tyre)
MOBILE TYRES LONDON 247 LTD,Mobile Tyre (General),No,Yes,16950508,active,,,,"310 High Road, Wood Green, London, N22 8JR",N22 8JR,London,Yes,Companies House (mobile tyre)
MOBILE TYRES NATIONWIDE LTD,Mobile Tyre (General),No,Yes,16163981,active,,,,"129 St. Johns Road, Slough, SL2 5HA",SL2 5HA,,Yes,Companies House (mobile tyre)
MOBILE TYRES NEAR ME LIMITED,Mobile Tyre (General),No,Yes,12720945,active,,,,"152 Rushgrove Avenue, London, NW9 6RE",NW9 6RE,London,Yes,Companies House (mobile tyre)
MOBILE TYRES ONDEMAND LTD,Mobile Tyre (General),No,Yes,15628367,active,,,,"7 Brinkburn Grove, Banbury, OX16 3WX",OX16 3WX,,Yes,Companies House (mobile tyre)
MOBILE TYRES PORTSMOUTH LIMITED,Mobile Tyre (General),No,Yes,16623956,active,,,,"Suite 9 Pine Court Business Centre, 36 Gervis Road, Bournemouth, United Kingdom, BH1 3DH",BH1 3DH,United Kingdom,Yes,Companies House (mobile tyre)
MOBILE TYRES RESCUE LTD,Mobile Tyre (General),No,Yes,SC863876,active,,,,"Flat 1.1 116 Maukinfauld Rd, Glasgow, G32 8TP",G32 8TP,Scotland,Yes,Companies House (mobile tyre)
MOBILE TYRES SERVICE LTD,Mobile Tyre (General),No,Yes,15950403,active,,,,"19 Waddon Close, Croydon, CR0 4JT",CR0 4JT,London,Yes,Companies House (mobile tyre)
MOBILE TYRES SOLUTIONS 247 LTD,Mobile Tyre (General),No,Yes,15766173,active,,,,"9 Virginia Way, Reading, RG30 3QJ",RG30 3QJ,South East,Yes,Companies House (mobile tyre)
MOBILE TYRES SPECIALISTS CO LTD,Mobile Tyre (General),No,Yes,13257762,active,,,,"162 Broad Street, Chesham, HP5 3ED",HP5 3ED,,Yes,Companies House (mobile tyre)
MOBILE TYRES SURREY LTD,Mobile Tyre (General),No,Yes,13548574,active,,,,"41 Oldfields Road, Sutton, Surrey, SM1 2NB",SM1 2NB,Surrey,Yes,Companies House (mobile tyre)
MTM MOBILE TYRE & RECOVERY SERVICES LTD,Mobile Tyre (General),No,Yes,16930710,active,,,,"Flat 3 Clare House, 49 Uxbridge Road, London, W7 3PX",W7 3PX,London,Yes,Companies House (mobile tyre service)
NUTTS CORNER TYRES & BREAKDOWN SERVICES LTD,Mobile Tyre (General),No,Yes,NI711458,active,,,,"42 Belfast Road, Nutts Corner, Crumlin, BT29 4TH",BT29 4TH,Northern Ireland,Yes,Companies House (breakdown tyre)
OLYMPUS MOBILE TYRE FITTING HATFIELD LTD,Mobile Tyre (General),No,Yes,14933347,active,,,,"4 Daffodil Close, Daffodil Close, Hatfield, AL10 9FF",AL10 9FF,,Yes,Companies House (mobile tyre fitting)
OLYMPUS MOBILE TYRE FITTING ST ALBANS LTD,Mobile Tyre (General),No,Yes,14805012,active,,,,"Office 205, 2 Fountain Court Regus Victoria Street, St. Albans, AL1 3TF",AL1 3TF,,Yes,Companies House (mobile tyre fitting)
OXBRIDGE MOBILE TYRE FITTING LTD,Mobile Tyre (General),No,Yes,15137408,active,,,,"42-44 Adelaide Street, Bradford, BD5 0EA",BD5 0EA,Yorkshire,Yes,Companies House (mobile tyre fitting)
PRIME MOBILE TYRE FITTING LTD,Mobile Tyre (General),No,Yes,16183750,active,,,,"190 Billet Road, London, E17 5DX",E17 5DX,London,Yes,Companies House (mobile tyre fitting)
PROF'S MOBILE TYRES AND SERVICES LTD,Mobile Tyre (General),No,Yes,14338291,active,,,,"3 Felton Close, Borehamwood, WD6 4LF",WD6 4LF,,Yes,Companies House (mobile tyre service)
PROMPT 24/7 MOBILE TYRE SERVICE LTD,Mobile Tyre (General),No,Yes,11141648,active,,,,"06 Hermitage Close, Farnborough, GU14 6UQ",GU14 6UQ,,Yes,Companies House (mobile tyre service)
PUMP TO GO 24/7 MOBILE TYRE SERVICES LTD,Mobile Tyre (General),No,Yes,15460073,active,,,,"38 Frayslea, Uxbridge, UB8 2AT",UB8 2AT,,Yes,Companies House (mobile tyre service)
RANGER TYRE MOBILE FITTING SERVICE LTD,Mobile Tyre (General),No,Yes,13824103,active,,,,"33 Holloway, Birmingham, B31 1TP",B31 1TP,West Midlands,Yes,Companies House (mobile tyre fitting)
RAPID FIT TYRES LTD,Mobile Tyre (General),No,Yes,07366097,active,,,,"61 Fairfield Road, West Drayton, West Drayton, Middlesex, UB7 8EZ",UB7 8EZ,Middlesex,Yes,Companies House (rapid tyre)
RAPID MOBILE TYRES LTD,Mobile Tyre (General),No,Yes,15084039,active,,,,"Basement Flat 46 Basement Flat 46, Morden Road, Newport, NP19 7ES",NP19 7ES,Wales,Yes,Companies House (rapid tyre)
RAPID RESPONSE TYRES LTD,Mobile Tyre (General),No,Yes,16024054,active,,,,"31 Villiers Street, Sunniside, Sunderland, Tyne And Wear, SR1 1EJ",SR1 1EJ,Tyne And Wear,Yes,Companies House (rapid tyre)
RAPID TYRE 247 LTD,Mobile Tyre (General),No,Yes,16823077,active,,,,"Unit 15a Slough Business Park, 94 Farnham Road, Slough, SL1 3FQ",SL1 3FQ,,Yes,Companies House (rapid tyre)
RAPID TYRE DISTRIBUTION LTD,Mobile Tyre (General),No,Yes,NI728714,active,,,,"10 Cloughreagh Park, Bessbrook, Newry, BT35 7EJ",BT35 7EJ,Northern Ireland,Yes,Companies House (rapid tyre)
RAPID TYRE SERVICE (WHOLESALE) LTD,Mobile Tyre (General),No,Yes,16235001,active,,,,"63 Knightlow Road, Birmingham, B17 8PX",B17 8PX,West Midlands,Yes,Companies House (rapid tyre)
RAPID TYRE SERVICE AND SUPPLIES LTD,Mobile Tyre (General),No,Yes,16768133,active,,,,"Flat 25 Romsley Hill Grange Farley Lane, Romsley, Halesowen, B62 0LN",B62 0LN,,Yes,Companies House (rapid tyre)
RAPID TYRE SERVICE LTD,Mobile Tyre (General),No,Yes,13390328,active,,,,"Huntington Accountancy 15 Stag Drive, Huntington, Cannock, WS12 4UJ",WS12 4UJ,,Yes,Companies House (rapid tyre)
RAPID TYRES LTD,Mobile Tyre (General),No,Yes,SC836183,active,,,,"19 Wilson Court, Bellshill, ML4 3DB",ML4 3DB,Scotland,Yes,Companies House (rapid tyre)
REALDEAL MOBILE TYRES AND MECHANICALS SERVICE LTD,Mobile Tyre (General),No,Yes,11514456,active,,,,"11514456 - COMPANIES HOUSE DEFAULT ADDRESS, Cardiff, CF14 8LH",CF14 8LH,Wales,Yes,Companies House (mobile tyre service)
RICHIE’S MOBILE TYRE SERVICE LTD,Mobile Tyre (General),No,Yes,14723571,active,,,,"24 Milling Road, Edgware, HA8 0PL",HA8 0PL,,Yes,Companies House (mobile tyre service)
RK TYRES & ROADSIDE RECOVERY LTD,Mobile Tyre (General),No,Yes,SC801273,active,,,,"21 Greenhill Road, Paisley, Renfrewshire, PA3 1RN",PA3 1RN,Renfrewshire,Yes,Companies House (roadside tyre)
ROAD HERO MOBILE TYRE FITTING LTD,Mobile Tyre (General),No,Yes,16398326,active,,,,"472a Green Lanes, London, N13 5PA",N13 5PA,London,Yes,Companies House (mobile tyre fitting)
ROADSIDE TYRE ASSISTANCE LTD,Mobile Tyre (General),No,Yes,14588981,active,,,,"36 Lichfield Street, Walsall, WS1 1TJ",WS1 1TJ,West Midlands,Yes,Companies House (roadside tyre)
ROADSIDE TYRE SERVICES LTD,Mobile Tyre (General),No,Yes,16488641,active,,,,"Unit 1, Rear Of Pmj House, Highlands Road, Solihull, B90 4ND",B90 4ND,Yorkshire,Yes,Companies House (roadside tyre)
ROADSIDE TYRES (THAMES VALLEY) LIMITED,Mobile Tyre (General),No,Yes,09490494,active,,,,"Goose Green, 119 Turnpike Road, Newbury, West Berkshire, RG14 2QR",RG14 2QR,West Berkshire,Yes,Companies House (roadside tyre)
ROADSIDE TYRES 24HR LTD,Mobile Tyre (General),No,Yes,16020998,active,,,,"Harley House, 29 Cambray Place, Cheltenham, GL50 1JN",GL50 1JN,,Yes,Companies House (roadside tyre)
ROADSIDE TYRES ASSIST LIMITED,Mobile Tyre (General),No,Yes,11673422,active,,,,"5 Ivegate Yeadon, Leeds, West Yorkshire, LS19 7RE",LS19 7RE,West Yorkshire,Yes,Companies House (roadside tyre)
ROADSIDE TYRES LTD,Mobile Tyre (General),No,Yes,12513828,active,,,,"27 Old Gloucester Street, London, WC1N 3AX",WC1N 3AX,London,Yes,Companies House (roadside tyre)
ROADSIDETYRESMOBILE LIMITED,Mobile Tyre (General),No,Yes,SC843203,active,,,,"56 Whitacres Road, Glasgow, G53 7LJ",G53 7LJ,Scotland,Yes,Companies House (roadside tyre)
RTM MOBILE TYRE FITTING LTD,Mobile Tyre (General),No,Yes,SC801397,active,,,,"40-42 Brantwood Avenue, Dundee, DD3 6EW",DD3 6EW,Scotland,Yes,Companies House (mobile tyre fitting)
SIMS AUTOS MOBILE TYRE SERVICE LIMITED,Mobile Tyre (General),No,Yes,16809907,active,,,,"35 Pilot Hight Road, Bournemouth, BH11 8EY",BH11 8EY,South West,Yes,Companies House (mobile tyre service)
STAFFORD BREAKDOWN & 24HR MOBILE TYRE SERVICES LTD,Mobile Tyre (General),No,Yes,13031158,active,,,,"C/O Kb Accountancy, Synchro House, Etruria Road, Newcastle, ST5 0SY",ST5 0SY,North East,Yes,Companies House (breakdown tyre)
T.D MOBILE TYRE FITTING LTD,Mobile Tyre (General),No,Yes,16313683,active,,,,"Flat 42, Alfreda Court, Alfreda Street, London, SW11 5HQ",SW11 5HQ,London,Yes,Companies House (mobile tyre fitting)
TADWORTH MOBILE TYRE FITTING LTD,Mobile Tyre (General),No,Yes,16703539,active,,,,"11 Waterfield Green, Tadworth, KT20 5HY",KT20 5HY,,Yes,Companies House (mobile tyre fitting)
TECH AND TYRES MOBILE VEHICLE SERVICES LTD,Mobile Tyre (General),No,Yes,14960137,active,,,,"Holloway House Epsom Square, White Horse Business Park, Trowbridge, Wiltshire, BA14 0XG",BA14 0XG,Wiltshire,Yes,Companies House (mobile tyre service)
THE MOBILE TYRE SERVICE (MILTON KEYNES) LTD,Mobile Tyre (General),No,Yes,12258698,active,,,,"The Stable Yard Vicarage Road, Stony Stratford, Milton Keynes, Buckinghamshire, MK11 1BN",MK11 1BN,Buckinghamshire,Yes,Companies House (mobile tyre service)
THE ROADSIDE MOBILE TYRE COMPANY LTD,Mobile Tyre (General),No,Yes,14578825,active,,,,"103 Belgrave Road, Slough, SL1 3RA",SL1 3RA,,Yes,Companies House (roadside tyre)
TIM'S MOBILE TYRE SERVICES LTD,Mobile Tyre (General),No,Yes,16676631,active,,,,"8 Elm Walk, Higham Ferrers, Rushden, NN10 8HE",NN10 8HE,,Yes,Companies House (mobile tyre service)
TOP TYRES MOBILE SERVICES LTD,Mobile Tyre (General),No,Yes,12858232,active,,,,"18 Adelphi Crescent, Hayes, UB4 8LZ",UB4 8LZ,,Yes,Companies House (mobile tyre service)
TYRE BREAKDOWNS LTD,Mobile Tyre (General),No,Yes,16352706,active,,,,"Unit 1 Generator Hall, Electric Wharf, Coventry, CV1 4JL",CV1 4JL,West Midlands,Yes,Companies House (breakdown tyre)
TYRE EMERGENCY LTD,Mobile Tyre (General),No,Yes,15362025,active,,,,"41 Sir Brian Way, Bilsthorpe, Newark, NG22 8GA",NG22 8GA,,Yes,Companies House (emergency tyre)
TYRE TEK MOBILE SERVICES LIMITED,Mobile Tyre (General),No,Yes,15615314,active,,,,"First Floor, 1, Edmund Street, Bradford, West Yorkshire, BD5 0BH",BD5 0BH,West Yorkshire,Yes,Companies House (mobile tyre service)
TYRE WRIGHT MOBILE TYRE SERVICES LIMITED,Mobile Tyre (General),No,Yes,12646344,active,,,,"35 Albert Terrace, Oakenshaw, Bradford, BD12 7AX",BD12 7AX,Yorkshire,Yes,Companies House (mobile tyre service)
TYRES & TYRES - 24 HOUR EMERGENCY CALL OUT LIMITED,Mobile Tyre (General),No,Yes,16864020,active,,,,"189c Brent Crescent, London, NW10 7XR",NW10 7XR,London,Yes,Companies House (24 hour tyre)
TYREX MOBILE TYRE FITTING LTD,Mobile Tyre (General),No,Yes,16250411,active,,,,"113 Downing Close, Ipswich, IP2 9EQ",IP2 9EQ,East of England,Yes,Companies House (mobile tyre fitting)
UK MOBILE TYRE FITTING LTD,Mobile Tyre (General),No,Yes,16449482,active,,,,"Quadrant Court, 44/45 Calthorpe Road, Edgbaston, Birmingham, United Kingdom (+44), B15 1TH",B15 1TH,United Kingdom (+44),Yes,Companies House (mobile tyre fitting)
WEALDEN MOBILE TYRE SERVICES LTD,Mobile Tyre (General),No,Yes,16460269,active,,,,"Woolpack Corner Farm, Woolpack Corner, Ashford, TN27 8BU",TN27 8BU,,Yes,Companies House (mobile tyre service)
WILSON’S MOBILE TYRES LTD,Mobile Tyre (General),No,Yes,13244916,active,,,,"3 Cambridge Terrace, Richmond Avenue, Margate, CT9 2NF",CT9 2NF,East of England,Yes,Companies House (emergency tyre)
WM TYRES MOBILE SERVICES LTD,Mobile Tyre (General),No,Yes,08959854,active,,,,"Premier House, Rolfe Street, Smethwick, West Midlands, B66 2AA",B66 2AA,West Midlands,Yes,Companies House (mobile tyre service)
XPRESS MOBILE TYRES SERVICES LIMITED,Mobile Tyre (General),No,Yes,16862912,active,,,,"Flat 27 The Odeon 22-30 Longbridge Road, Barking, IG11 8RR",IG11 8RR,,Yes,Companies House (mobile tyre service)
ZAK MOBILE TYRES FITTINGS LTD,Mobile Tyre (General),No,Yes,12692286,active,,,,"6 Ynys Bridge Court, Gwaelod-Y-Garth, Cardiff, CF15 9SS",CF15 9SS,Wales,Yes,Companies House (mobile tyre fitting)
