company_number,company_name,status,company_type,date_of_creation,address,postcode,locality,region,sic_codes,sic_descriptions,matched_sic_codes
12427307,FELIXSTOWE TRUCK AND PLANT LTD,active,ltd,2020-01-27,"22 Tower Road, Felixstowe, IP11 7PR, England",IP11 7PR,Felixstowe,,45200,45200: Maintenance and repair of motor vehicles,45200
12276334,YORKSHIRE TRUCK REPAIRS LTD,active,ltd,2019-10-23,"24 South Mount, East Keswick, Leeds, LS17 9EY, United Kingdom",LS17 9EY,Leeds,,45200,45200: Maintenance and repair of motor vehicles,45200
15720791,MIDLANDS TRUCK & PLANT REPAIRS LTD,active,ltd,2024-05-14,"First Floor, Sterling House, Outrams Wharf, Little Eaton, Derby, DE21 5EL, United Kingdom",DE21 5EL,Little Eaton,Derby,33120; 45200,33120; 45200: Maintenance and repair of motor vehicles,45200
05506546,VARIOUS TRUCK PARTS LIMITED,active,ltd,2005-07-12,"Units 2-4 Beansheaf Industrial Park, Tofts Road, Kirby Misperton, Malton, North Yorkshire, YO17 6BG, England",YO17 6BG,Malton,North Yorkshire,45200; 45310; 45320,45200: Maintenance and repair of motor vehicles; 45310: Wholesale trade of motor vehicle parts and accessories; 45320: Retail trade of motor vehicle parts and accessories,45200; 45320; 45310
10713959,JAKE'S TRUCK SHOP LTD,active,ltd,2017-04-06,"Apple Tree Cottage, 166 Leeds Road, Lofthouse, WF3 3LR, United Kingdom",WF3 3LR,Lofthouse,,45200,45200: Maintenance and repair of motor vehicles,45200
13224276,MIDTRUCK LTD,active,ltd,2021-02-24,"36 Woodford Way, Wombourne, West Midlands, 36 Woodford Way, Wombourne, West Midlands, WV5 8HD, England",WV5 8HD,Wombourne,West Midlands,45190; 45200; 45320,45190; 45200: Maintenance and repair of motor vehicles; 45320: Retail trade of motor vehicle parts and accessories,45200; 45320
06672439,TRUCKFIX 24\7 LTD,active,ltd,2008-08-13,"9 Castle Court 2 Castlegate Way, Dudley, West Midlands, DY1 4RD",DY1 4RD,Dudley,West Midlands,45200,45200: Maintenance and repair of motor vehicles,45200
14146985,JH TRUCKSTYLING LIMITED,active,ltd,2022-06-01,"Brunel House, 1 Archers Court, Huntingdon, Cambridgeshire, PE29 6XG, England",PE29 6XG,Huntingdon,Cambridgeshire,45200,45200: Maintenance and repair of motor vehicles,45200
09456830,CIRCLE TRUCK & PLANT MAINTENANCE LIMITED,active,ltd,2015-02-24,"Maxwells Chartered Accountants, 4 King Square, Bridgwater, Somerset, TA6 3YF, United Kingdom",TA6 3YF,Bridgwater,Somerset,45200,45200: Maintenance and repair of motor vehicles,45200
03512128,ETS TRUCKS LIMITED,active,ltd,1998-02-17,"6 Witney Road, Nuffield Industrial Estate, Poole, Dorset, BH17 0GH",BH17 0GH,Poole,Dorset,45200,45200: Maintenance and repair of motor vehicles,45200
06906495,MAE INDUSTRIAL TRUCKS LTD,active,ltd,2009-05-15,"34 Orchard Rise, Tibberton, Gloucester, GL19 3AT, England",GL19 3AT,Gloucester,,45200,45200: Maintenance and repair of motor vehicles,45200
06617633,STONE CAR AND TRUCK CENTRE LIMITED,active,ltd,2008-06-11,"Unit 12 Mount Road, Stone, ST15 8LL, England",ST15 8LL,Stone,,45200,45200: Maintenance and repair of motor vehicles,45200
15775386,E.R.I TRUCK BUS & PLANT LTD,active,ltd,2024-06-12,"75 Eldertree Road, Thorpe Hesley, Rotherham, S61 2TQ, England",S61 2TQ,Rotherham,,45200,45200: Maintenance and repair of motor vehicles,45200
08110057,BUS & TRUCK SERVICES LTD,active,ltd,2012-06-19,"3 Judson Avenue, Stapleford, Nottingham, Nottinghamshire, NG9 7FH, United Kingdom",NG9 7FH,Nottingham,Nottinghamshire,45200,45200: Maintenance and repair of motor vehicles,45200
02049560,SCANTRUCK LIMITED,active,ltd,1986-08-26,"C/O Scania (Gb) Ltd, Delaware Drive Tongwell, Milton Keynes, Buckinghamshire, MK15 8HB",MK15 8HB,Milton Keynes,Buckinghamshire,45200,45200: Maintenance and repair of motor vehicles,45200
SC302512,ARMSTRONG TRUCKS LIMITED,active,ltd,2006-05-17,"51 Rae Street, Dumfries, DG1 1JD",DG1 1JD,Dumfries,,45200,45200: Maintenance and repair of motor vehicles,45200
13412242,TRUCK TECH YORKSHIRE LIMITED,active,ltd,2021-05-20,"Goodwood House, Blackbrook Park Avenue, Taunton, Somerset, TA1 2PX, United Kingdom",TA1 2PX,Taunton,Somerset,45200,45200: Maintenance and repair of motor vehicles,45200
13412599,MD TRUCK AND AGRICULTURAL LIMITED,active,ltd,2021-05-21,"Broadacres The Ridge,, Woodfalls, Salisbury, SP5 2LQ, United Kingdom",SP5 2LQ,Salisbury,,45200,45200: Maintenance and repair of motor vehicles,45200
03507901,TRUCK & PLANT ENGINEERING LIMITED,active,ltd,1998-02-11,"6 Moor Business Park, Ellough Road, Beccles, Suffolk, NR34 7TQ, United Kingdom",NR34 7TQ,Beccles,Suffolk,45200,45200: Maintenance and repair of motor vehicles,45200
SC185954,CAR AND TRUCK SERVICES LIMITED,active,ltd,1998-05-20,"C/O Farries, Kirk & Mcvean Dumfries Enterprise Park, Heathhall, Dumfries, DG1 3SJ",DG1 3SJ,Dumfries,,45200,45200: Maintenance and repair of motor vehicles,45200
02516771,ELITE TRUCK & TRAILER REPAIRS LTD,active,ltd,1990-06-29,"Elite House Swinbourne Road, Burnt Mills Industrial Estate, Basildon, Essex, SS13 1EF",SS13 1EF,Basildon,Essex,45200,45200: Maintenance and repair of motor vehicles,45200
10343867,NTC TRUCK AND TRAILER SERVICES LIMITED,active,ltd,2016-08-24,"28 Greencroft Road, Consett, DH8 7DY, United Kingdom",DH8 7DY,Consett,,45200,45200: Maintenance and repair of motor vehicles,45200
04409477,WALLS TRUCK SERVICES LIMITED,active,ltd,2002-04-04,"Elfed House Oak Tree Court, Mulberry Drive, Cardiff Gate Business Park, Cardiff, CF23 8RS",CF23 8RS,Cardiff Gate Business Park,Cardiff,45112; 45200,45112; 45200: Maintenance and repair of motor vehicles,45200
09628698,SPECIALIST TRUCK AND TRAILER SERVICES LIMITED,active,ltd,2015-06-08,"29 The Walk, Farsley, Pudsey, West Yorkshire, LS28 5EQ, United Kingdom",LS28 5EQ,Pudsey,West Yorkshire,45200,45200: Maintenance and repair of motor vehicles,45200
SC361449,FIFE VANS AND TRUCKS LIMITED,active,ltd,2009-06-19,"Mitchell Buildings, Woodside Way, Glenrothes, KY7 4ND, Scotland",KY7 4ND,Glenrothes,,45200,45200: Maintenance and repair of motor vehicles,45200
05484357,UNITRUCK SERVICES LTD,active,ltd,2005-06-20,"Granby House Granby Avenue, Garretts Green Industrial Estate, Birmingham, West Midlands, B33 0SS",B33 0SS,Birmingham,West Midlands,45200,45200: Maintenance and repair of motor vehicles,45200
07685339,E G TRUCK SERVICES LIMITED,active,ltd,2011-06-28,"73 Highfield Grove, Stafford, ST17 9RF",ST17 9RF,Stafford,,45200; 77120,45200: Maintenance and repair of motor vehicles; 77120,45200
12810271,ESTAR TRUCK AND VAN LIMITED,active,ltd,2020-08-13,"Unit 3 Alchemy Way, Alchemy Business Park, Knowsley, L33 7AQ, England",L33 7AQ,Knowsley,,45200,45200: Maintenance and repair of motor vehicles,45200
SC814668,COOPER TRUCK AND BUS LTD,active,ltd,2024-06-26,"39 Hadrian Way, Bo'Ness, EH51 9QL, Scotland",EH51 9QL,Bo'Ness,,45200,45200: Maintenance and repair of motor vehicles,45200
08481309,BIRMINGHAM TRUCK TYRE LTD,active,ltd,2013-04-09,"Kent Space, Suite 2026 6-8 Revenge Road, Chatham, ME5 8UD, England",ME5 8UD,Chatham,,45200,45200: Maintenance and repair of motor vehicles,45200
12078154,UK TRUCK BODY REPAIRS (MIDLANDS) LIMITED,active,ltd,2019-07-01,"19-21 Hatchett Street, Hockley, Birmingham, West Midlands, B19 3NX, United Kingdom",B19 3NX,Birmingham,West Midlands,45200,45200: Maintenance and repair of motor vehicles,45200
00290604,RENAULT TRUCK COMMERCIALS LIMITED,active,ltd,1934-07-27,"Wedgnock Industrial Estate, Wedgnock Lane, Warwick, CV34 5YA",CV34 5YA,Warwick,,45111; 45200; 45310,45111; 45200: Maintenance and repair of motor vehicles; 45310: Wholesale trade of motor vehicle parts and accessories,45200; 45310
10335016,TRISTECH TRUCK AND BUS LOGISTICS LIMITED,active,ltd,2016-08-18,"61 Treetop Avenue Kempshot, Basingstoke, Hampshire, RG23 7GJ, England",RG23 7GJ,Hampshire,,45200,45200: Maintenance and repair of motor vehicles,45200
09282860,TRUCK FLEET SOLUTIONS LTD,active,ltd,2014-10-27,"The Howarth Armsby Suite Studio House, Delamare Road, Cheshunt, Hertfordshire, EN8 9SH, United Kingdom",EN8 9SH,Cheshunt,Hertfordshire,45200,45200: Maintenance and repair of motor vehicles,45200
02022314,LEADER TRUCKS LIMITED,active,ltd,1986-05-22,"Unit 6-7 Endeavour Way, Croydon, Surrey, CR0 4TR, England",CR0 4TR,Croydon,Surrey,45200,45200: Maintenance and repair of motor vehicles,45200
15934641,UK TRUCK AND VAN REPAIR LTD,active,ltd,2024-09-04,"21 Boxford Court, Haverhill, CB9 8JB, England",CB9 8JB,Haverhill,,45200,45200: Maintenance and repair of motor vehicles,45200
08994680,TRUCKSMITH SERVICE LIMITED,active,ltd,2014-04-14,"Unit 2 King Place, Hitchcocks Business Park, Uffculme, Cullompton, EX15 3FH, England",EX15 3FH,Cullompton,,45200,45200: Maintenance and repair of motor vehicles,45200
02737109,R V K TRUCK ENGINEERING LIMITED,active,ltd,1992-08-04,"Unit 2 5 Commerce Way, Croydon, Surrey, CR0 4XA, England",CR0 4XA,Croydon,Surrey,29201; 45200,29201; 45200: Maintenance and repair of motor vehicles,45200
12348840,PURFLEET TRUCK SERVICING LTD,active,ltd,2019-12-04,"5 New North Road, Ilford, IG6 2UY, England",IG6 2UY,Ilford,,45200,45200: Maintenance and repair of motor vehicles,45200
SC438280,MORRISON TRUCK & PLANT SERVICES (SCOTLAND) LTD,active,ltd,2012-12-06,"Flat 1, 5 Ardoch Gardens, Cambuslang, Glasgow, G72 8HB, Scotland",G72 8HB,Glasgow,,45200,45200: Maintenance and repair of motor vehicles,45200
15604319,TITAN TRUCK COMMERCIAL LIMITED,active,ltd,2024-03-30,"320a Stratford Road, Shirley, Solihull, B90 3DN, England",B90 3DN,Solihull,,45200; 49410,45200: Maintenance and repair of motor vehicles; 49410,45200
13060833,VML TRUCKWASH LTD,active,ltd,2020-12-03,"5 Turf Close, Norton Canes, Cannock, Staffordshire, WS11 9FH, United Kingdom",WS11 9FH,Cannock,Staffordshire,45200,45200: Maintenance and repair of motor vehicles,45200
11104587,ELITE TRUCK REPAIRS LIMITED,active,ltd,2017-12-11,"Unit 32 St. Asaph Business Park, St. Asaph, LL17 0JA, United Kingdom",LL17 0JA,St. Asaph,,45200,45200: Maintenance and repair of motor vehicles,45200
08239920,HEYSHAM TRUCK HIRE LIMITED,active,ltd,2012-10-04,"20 Mannin Way, Lancaster, LA1 3SW, England",LA1 3SW,Lancaster,,45200; 77120,45200: Maintenance and repair of motor vehicles; 77120,45200
02786349,NORTH EAST TRUCK & VAN LIMITED,active,ltd,1993-02-03,"Cowpen Bewley Road, Haverton Hill, Billingham, Cleveland, TS23 4EX",TS23 4EX,Billingham,Cleveland,45111; 45190; 45200; 45320,45111; 45190; 45200: Maintenance and repair of motor vehicles; 45320: Retail trade of motor vehicle parts and accessories,45200; 45320
10056884,HEYSHAM TRUCKS (MORECAMBE) LIMITED,active,ltd,2016-03-11,"20 Mannin Way, Lancaster Business Park, Caton Road, Lancaster, LA1 3SW, United Kingdom",LA1 3SW,Caton Road,Lancaster,45200,45200: Maintenance and repair of motor vehicles,45200
10377292,HOLYHEAD TRUCK SERVICES LTD,active,ltd,2016-09-15,"Unit 10-15 Mona Industrial Park, Mona, Llangefni, LL65 4RJ, United Kingdom",LL65 4RJ,Llangefni,,45200,45200: Maintenance and repair of motor vehicles,45200
10298681,LEUL TRUCK SERVICES LIMITED,active,ltd,2016-07-27,"13 Hornby Court High Road, London, NW10 2AZ, United Kingdom",NW10 2AZ,London,,45200,45200: Maintenance and repair of motor vehicles,45200
10071353,TRUCKSPRAY (FENTON) LTD,active,ltd,2016-03-18,"Elsing Street, Fenton, Stoke-On-Trent, Staffordshire, ST4 2PR, England",ST4 2PR,Stoke-On-Trent,Staffordshire,45200,45200: Maintenance and repair of motor vehicles,45200
09169594,ECO TRUCK CLEAN LTD,active,ltd,2014-08-11,"Eco Truck Clean Ltd Formula House, Bridges Road, Ellesmere Port, Cheshire, CH65 4LB",CH65 4LB,Ellesmere Port,Cheshire,45200,45200: Maintenance and repair of motor vehicles,45200
SC778510,AGR TRUCK & TRAILER LTD,active,ltd,2023-08-09,"Block 4 Levenside Road, Vale Of Leven Industrial Estat, Dumbarton, G82 3PD, United Kingdom",G82 3PD,Dumbarton,,45200,45200: Maintenance and repair of motor vehicles,45200
01845415,NORFOLK TRUCK & VAN LIMITED,active,ltd,1984-09-04,"School Lane, Sprowston, Norwich, Norfolk, NR7 8TL, United Kingdom",NR7 8TL,Norwich,Norfolk,45190; 45200,45190; 45200: Maintenance and repair of motor vehicles,45200
11451519,TRUCK MONKEY GARAGE LTD,active,ltd,2018-07-06,"Unit 5, Sands Lane The Airfield, Breighton, Selby, YO8 6DS, United Kingdom",YO8 6DS,Selby,,45200,45200: Maintenance and repair of motor vehicles,45200
02067793,HEATHROW TRUCK CENTRE LIMITED,active,ltd,1986-10-27,"Lakeside Industrial Estate, Colnbrook, Berkshire, SL3 0ED",SL3 0ED,Berkshire,,45190; 45200,45190; 45200: Maintenance and repair of motor vehicles,45200
15843978,MOBILE TRUCK & COACH REPAIRS LTD,active,ltd,2024-07-17,"1st Floor, The Smithyside, 7 Bell Villas, Ponteland, Newcastle Upon Tyne, NE20 9BD, United Kingdom",NE20 9BD,Ponteland,Newcastle Upon Tyne,45200,45200: Maintenance and repair of motor vehicles,45200
05682816,TECH TRUCKS UK LIMITED,active,ltd,2006-01-21,"6b North The Old Sawmills, Eardisley, Hereford, HR3 6NR",HR3 6NR,Eardisley,Hereford,45200,45200: Maintenance and repair of motor vehicles,45200
13319388,ESSENTIAL TRUCK ASSISTANCE LIMITED,active,ltd,2021-04-07,"Unit 8, 327 Southchurch Road, Southend-On-Sea, Essex, SS1 2PE, England",SS1 2PE,Southend-On-Sea,Essex,45200,45200: Maintenance and repair of motor vehicles,45200
09586762,TRUCKSERVE UK LIMITED,active,ltd,2015-05-12,"142-143 Parrock Street, Gravesend, Kent, DA12 1EY",DA12 1EY,Gravesend,Kent,38110; 45200,38110; 45200: Maintenance and repair of motor vehicles,45200
16043526,TA9 TRUCK TYRES LIMITED,active,ltd,2024-10-28,"Goodwood House, Blackbrook Park Avenue, Taunton, Somerset, TA1 2PX, United Kingdom",TA1 2PX,Taunton,Somerset,45200,45200: Maintenance and repair of motor vehicles,45200
14638543,GP TRUCKS UK LTD,active,ltd,2023-02-03,"Unit 3 Derwentdale Industrial Estate, Consett, DH8 8PZ, England",DH8 8PZ,Consett,,45200,45200: Maintenance and repair of motor vehicles,45200
15147236,TRUCK MAINTENANCE LTD,active,ltd,2023-09-19,"31 West Street, Swadlincote, DE11 9DN, England",DE11 9DN,Swadlincote,,45200,45200: Maintenance and repair of motor vehicles,45200
11763419,BJG FORKTRUCKS LIMITED,active,ltd,2019-01-14,"Co Ukmal, Unit 7, 3-5 Little Somerset Street, London, E1 8AH, England",E1 8AH,London,,45200,45200: Maintenance and repair of motor vehicles,45200
05434192,IPSWICH TRUCK SERVICES LIMITED,active,ltd,2005-04-25,"Ipswich Truck Services Ltd Addison Way, Great Blakenham, Ipswich, Suffolk, IP6 0RL, England",IP6 0RL,Ipswich,Suffolk,45200,45200: Maintenance and repair of motor vehicles,45200
16075467,COSTELLO TRUCK & PLANT LIMITED,active,ltd,2024-11-12,"11 Sandford Avenue, Manchester, M18 8NP, England",M18 8NP,Manchester,,45200,45200: Maintenance and repair of motor vehicles,45200
11825519,LUCASTRUCK LTD,active,ltd,2019-02-13,"8 Birchtree Avenue, Peterborough, PE1 4HN, England",PE1 4HN,Peterborough,,45200,45200: Maintenance and repair of motor vehicles,45200
16052704,ABA TRUCK & CRANE LTD,active,ltd,2024-10-31,"3rd Floor, 86-90 Paul Street, London, EC2A 4NE, England",EC2A 4NE,London,,33170; 45200,33170: Repair and maintenance of other transport equipment; 45200: Maintenance and repair of motor vehicles,45200; 33170
10416132,BIRMINGHAM TRUCK & BUS LTD,active,ltd,2016-10-07,"The Old Bakehouse, Dove Walk, Uttoxeter, Staffordshire, ST14 8EH, England",ST14 8EH,Uttoxeter,Staffordshire,45200,45200: Maintenance and repair of motor vehicles,45200
11273672,EAST ANGLIA TRUCK REPAIRS LTD,active,ltd,2018-03-24,"191, Laxton House Lincoln Road, Peterborough, Cambridgeshire, PE1 2PN, United Kingdom",PE1 2PN,Peterborough,Cambridgeshire,45200,45200: Maintenance and repair of motor vehicles,45200
04298488,CUMBRIA TRUCK CENTRE LIMITED,active,ltd,2001-10-03,"Townfoot, Longtown, Carlisle, Cumbria, CA6 5LY",CA6 5LY,Carlisle,Cumbria,45200,45200: Maintenance and repair of motor vehicles,45200
05958578,TRUCK TECH (NE) LIMITED,active,ltd,2006-10-06,"Truck Tech (Ne) Limited, Stapylton Street, Middlesbrough, Cleveland, TS6 7BH",TS6 7BH,Middlesbrough,Cleveland,45200,45200: Maintenance and repair of motor vehicles,45200
SC082193,TRUCKPOINT LIMITED,active,ltd,1983-03-10,"7-9 Irvine Road, Crosshouse, Kilmarnock, KA2 0HE",KA2 0HE,,,45112; 45190; 45200,45112; 45190; 45200: Maintenance and repair of motor vehicles,45200
11618264,NOBLE COMMERCIAL TRUCK SERVICES LTD,active,ltd,2018-10-11,"C/O Charles Rippin And Turner 130 College Road, Middlesex House, Harrow, HA1 1BQ, United Kingdom",HA1 1BQ,Harrow,,45200,45200: Maintenance and repair of motor vehicles,45200
14156047,JFM TRUCK CARE LTD,active,ltd,2022-06-07,"Office 10 Josephs Barn Woodend Farm, Hatfield Road, Witham, Essex, CM8 1EH, England",CM8 1EH,Witham,Essex,45200,45200: Maintenance and repair of motor vehicles,45200
03649346,A.J. REYNOLDS TRUCK SERVICES LTD,active,ltd,1998-10-14,"One The Centre, The High Street, Gillingham, Dorset, SP8 4AB",SP8 4AB,Gillingham,Dorset,45200,45200: Maintenance and repair of motor vehicles,45200
01896848,WAVENEY TRUCK PARTS LIMITED,active,ltd,1985-03-19,"82 Nethergate Street, Bungay, Suffolk, NR35 1HE",NR35 1HE,Suffolk,,45320,45320: Retail trade of motor vehicle parts and accessories,45320
04741880,A D M TRUCKPARTS LIMITED,active,ltd,2003-04-23,"Central House, Great Acre, Wigan, WN1 3NR, England",WN1 3NR,Wigan,,45320,45320: Retail trade of motor vehicle parts and accessories,45320
14821951,NETWORK BUS & TRUCK PARTS LTD,active,ltd,2023-04-24,"Dean Lodge Nepshaw Lane North, Morley, Leeds, LS27 9QU, England",LS27 9QU,Leeds,,45310; 45320,45310: Wholesale trade of motor vehicle parts and accessories; 45320: Retail trade of motor vehicle parts and accessories,45320; 45310
14910770,"JINAN FUTURE TRUCK PARTS CO., LTD",active,ltd,2023-06-02,"19 King Street, Gillingham, ME7 1EP, England",ME7 1EP,Gillingham,,45190; 45310; 45320,45190; 45310: Wholesale trade of motor vehicle parts and accessories; 45320: Retail trade of motor vehicle parts and accessories,45320; 45310
04400445,MD TRUCK AND TRAILER SPARES LIMITED,active,ltd,2002-03-21,"Unit 2ca Knowle Lane, Horton Heath, Eastleigh, SO50 7DZ, England",SO50 7DZ,Eastleigh,,45320,45320: Retail trade of motor vehicle parts and accessories,45320
12474191,24/7 TRUCK & TRAILER LTD,active,ltd,2020-02-20,"117 Barnoldby Road, Waltham, Grimsby, DN37 0DR, United Kingdom",DN37 0DR,Grimsby,,45320,45320: Retail trade of motor vehicle parts and accessories,45320
07619747,PREMIER TRUCK PARTS LTD,active,ltd,2011-05-03,"Unit 15 New Haden Works Draycott Cross Road, Cheadle, Stoke-On-Trent, ST10 2NW",ST10 2NW,Stoke-On-Trent,,45320,45320: Retail trade of motor vehicle parts and accessories,45320
15891506,CECIL'S TRUCK STYLING LTD,active,ltd,2024-08-12,"Deans Close, Newnham Road, Blakeney, Gloucestershire, GL15 4AE, United Kingdom",GL15 4AE,Blakeney,Gloucestershire,45320,45320: Retail trade of motor vehicle parts and accessories,45320
13446833,ABDUL SALAM CARS TRUCKS & DUMP TRUCKS SELLING LTD,active,ltd,2021-06-09,"53 Clyde Road, Croydon, Surrey, CR0 6SY, United Kingdom",CR0 6SY,Croydon,Surrey,45112; 45320,45112; 45320: Retail trade of motor vehicle parts and accessories,45320
05589187,SWEDISH TRUCK PARTS LIMITED,active,ltd,2005-10-11,"Unit 5 Astra Centre, 2 Royale Barn Road, Rochdale, Manchester, OL11 3DT",OL11 3DT,Rochdale,Manchester,45320,45320: Retail trade of motor vehicle parts and accessories,45320
04518268,AUTO STYLING TRUCKMAN GROUP LIMITED,active,ltd,2002-08-23,"14 Blackbrook Valley Industrial Estate, Narrowboat Way, Dudley, West Midlands, DY2 0EZ",DY2 0EZ,Dudley,West Midlands,45320,45320: Retail trade of motor vehicle parts and accessories,45320
13842426,TEN FOUR TRUCKING LIMITED,active,ltd,2022-01-11,"34 Rosebank, Lymm, WA13 0JH, England",WA13 0JH,Lymm,,45320,45320: Retail trade of motor vehicle parts and accessories,45320
12781618,TRUCK TYRES 2 U LTD,active,ltd,2020-07-30,"C/O Knight Brown Accountants, 3 Crewe Road, Sandbach, Cheshire, CW11 4NE, United Kingdom",CW11 4NE,Sandbach,Cheshire,45320,45320: Retail trade of motor vehicle parts and accessories,45320
11161555,ADM TRUCK & BUS PARTS LTD,active,ltd,2018-01-22,"Central House Great Acre, Whelley, Wigan, Lancashire, WN1 3NR, England",WN1 3NR,Wigan,Lancashire,45320,45320: Retail trade of motor vehicle parts and accessories,45320
11814599,TRUCKBREAK LTD,active,ltd,2019-02-08,"117 Dartford Road, Dartford, DA1 3EN, England",DA1 3EN,Dartford,,45320,45320: Retail trade of motor vehicle parts and accessories,45320
11032022,TRUCK TYRE SUPPLIES UK LIMITED,active,ltd,2017-10-25,"St Thomas House, 83 Wolverhampton Road, Cannock, Staffordshire, WS11 1AR, United Kingdom",WS11 1AR,Cannock,Staffordshire,45320,45320: Retail trade of motor vehicle parts and accessories,45320
02879792,CAR & TRUCK SERVICES (SWINDON) LIMITED,active,ltd,1993-12-10,"Transfer Bridge Industrial Est., County Road, Swindon, Wiltshire, SN1 2EL",SN1 2EL,Swindon,Wiltshire,45320,45320: Retail trade of motor vehicle parts and accessories,45320
11483428,PARTS-TRUCK LTD,active,ltd,2018-07-25,"Ealing Cross 1st Floor, 85 Uxbridge Road, London, W5 5TH, United Kingdom",W5 5TH,London,,45111; 45200; 45310; 45320,45111; 45200: Maintenance and repair of motor vehicles; 45310: Wholesale trade of motor vehicle parts and accessories; 45320: Retail trade of motor vehicle parts and accessories,45320; 45310
06440723,INDEPENDENT TRUCK & TRAILER LTD,active,ltd,2007-11-29,"Eastgate Farm Driffield Lane, Shiptonthorpe, York, YO43 3PP, England",YO43 3PP,York,,45310; 45320,45310: Wholesale trade of motor vehicle parts and accessories; 45320: Retail trade of motor vehicle parts and accessories,45320; 45310
11261015,A2 TRUCK TYRE LIMITED,active,ltd,2018-03-19,"Thames House, Roman Square, Sittingbourne, Kent, ME10 4BJ, United Kingdom",ME10 4BJ,Sittingbourne,Kent,45320,45320: Retail trade of motor vehicle parts and accessories,45320
16154500,CONGO CENTURY GRAND TRUCK SALES LIMITED,active,ltd,2024-12-30,"19 King Street, Gillingham, ME7 1EP, England",ME7 1EP,Gillingham,,45310; 45320,45310: Wholesale trade of motor vehicle parts and accessories; 45320: Retail trade of motor vehicle parts and accessories,45320; 45310
03548595,UNIVERSAL TRUCK & TRAILER PARTS LIMITED,active,ltd,1998-04-17,"Chandos House, School Lane, Buckingham, Buckinghamshire, MK18 1HD, United Kingdom",MK18 1HD,Buckingham,Buckinghamshire,45320,45320: Retail trade of motor vehicle parts and accessories,45320
08745220,TRUCK PARTS WORLDWIDE LIMITED,active,ltd,2013-10-23,"The Brentano Suite Solar House, 915 High Road, London, N12 8QJ, United Kingdom",N12 8QJ,London,,45320,45320: Retail trade of motor vehicle parts and accessories,45320
02367565,TRUCK AND TRAILER SPECIALIST'S LIMITED,active,ltd,1989-03-31,"Appledram Barns, Birdham Road, Chichester, West Sussex, PO20 7EQ, United Kingdom",PO20 7EQ,Chichester,West Sussex,45320,45320: Retail trade of motor vehicle parts and accessories,45320
07492514,MIDLANDS TRUCK & VAN LIMITED,active,ltd,2011-01-13,"Cornwall Road, Cornwall Road Industrial Estate, Smethwick, B66 2JT, England",B66 2JT,Smethwick,,45190; 45200; 45310; 45320,45190; 45200: Maintenance and repair of motor vehicles; 45310: Wholesale trade of motor vehicle parts and accessories; 45320: Retail trade of motor vehicle parts and accessories,45320; 45310
09594491,HGV TRUCK PARTS LIMITED,active,ltd,2015-05-16,"Hgv Body Parts Unit 1a, North Moss Lane, Stallingborough, Grimsby, DN41 8DD, England",DN41 8DD,Grimsby,,45320,45320: Retail trade of motor vehicle parts and accessories,45320
00487572,HEATONS TRUCK GROUP LTD,active,ltd,1950-10-23,"Greenhous Village, Osbaston, Telford, Shropshire, TF6 6RA, England",TF6 6RA,Telford,Shropshire,45200; 45320,45200: Maintenance and repair of motor vehicles; 45320: Retail trade of motor vehicle parts and accessories,45320
01408697,TRUCK BREAKERS LTD,active,ltd,1979-01-11,"Unit 453 Carr Place, Walton Summit Centre, Bamber Bridge, Preston, PR5 8AU, England",PR5 8AU,Preston,,45320,45320: Retail trade of motor vehicle parts and accessories,45320
11348848,QUALITY TRUCKS & TRAILERS LIMITED,active,ltd,2018-05-08,"39 Boundary Road, Manchester, M44 6FR, United Kingdom",M44 6FR,Manchester,,45200; 45320,45200: Maintenance and repair of motor vehicles; 45320: Retail trade of motor vehicle parts and accessories,45320
10822984,SERVICES MACHINERY & TRUCKS LTD,active,ltd,2017-06-16,"Moorfield Road, Duxford, Cambridge, CB22 4QX, England",CB22 4QX,Cambridge,,45190; 45200; 45320; 46140,45190; 45200: Maintenance and repair of motor vehicles; 45320: Retail trade of motor vehicle parts and accessories; 46140,45320
SC079951,NORSCOT TRUCK AND VAN LIMITED,active,ltd,1982-09-02,"Johnstone House 52-54 Rose Street, Aberdeen, AB10 1HA",AB10 1HA,Aberdeen,,45190; 45200; 45320,45190; 45200: Maintenance and repair of motor vehicles; 45320: Retail trade of motor vehicle parts and accessories,45320
01241061,MC TRUCK & BUS LIMITED,active,ltd,1976-01-20,"Beddow Way, Aylesford, Maidstone, Kent, ME20 7BT",ME20 7BT,Maidstone,Kent,45190; 45200; 45320,45190; 45200: Maintenance and repair of motor vehicles; 45320: Retail trade of motor vehicle parts and accessories,45320
06210971,A-Z TRUCK PARTS (SOT) LTD,active,ltd,2007-04-12,"148 Lichfield Street, Hanley, Stoke On Trent, Staffordshire, ST1 3EE",ST1 3EE,Stoke On Trent,Staffordshire,45320,45320: Retail trade of motor vehicle parts and accessories,45320
01859465,I P TRUCK PARTS LIMITED,active,ltd,1984-10-30,"Unit 7 Gateway 4 Knowsley Business Park, School Lane, Liverpool, Merseyside, L34 9EN",L34 9EN,Liverpool,Merseyside,45320,45320: Retail trade of motor vehicle parts and accessories,45320
03383608,CARDIFF BAY TRUCK SERVICES LIMITED,active,ltd,1997-06-09,"Cbts, Clipper Road, Roath Dock, Cardiff, South Glamorgan, CF10 4EW",CF10 4EW,Cardiff,South Glamorgan,45190; 45200; 45310; 45320,45190; 45200: Maintenance and repair of motor vehicles; 45310: Wholesale trade of motor vehicle parts and accessories; 45320: Retail trade of motor vehicle parts and accessories,45320; 45310
12752134,JM TRUCK PARTS LIMITED,active,ltd,2020-07-19,"1 Tower House, Tower Centre, Hoddesdon, Hertfordshire, EN11 8UR, England",EN11 8UR,Hoddesdon,Hertfordshire,45310; 45320,45310: Wholesale trade of motor vehicle parts and accessories; 45320: Retail trade of motor vehicle parts and accessories,45320; 45310
13541926,ONDEMAND TRUCK PARTS LTD,active,ltd,2021-08-01,"Poplar Industrial Park, Ulceby Road, South Killingholme, North Lincolnshire, DN40 3JB, United Kingdom",DN40 3JB,South Killingholme,North Lincolnshire,45320,45320: Retail trade of motor vehicle parts and accessories,45320
01866003,SHERWOOD TRUCK AND VAN LTD,active,ltd,1984-11-23,"Kenrick Way, West Bromwich, West Midlands, B70 6BY",B70 6BY,West Bromwich,West Midlands,45190; 45200; 45320,45190; 45200: Maintenance and repair of motor vehicles; 45320: Retail trade of motor vehicle parts and accessories,45320
15823696,HTS TRUCK SALES LTD,active,ltd,2024-07-08,"Thorn Tree Farm, Northowram, Halifax, HX3 7TF, England",HX3 7TF,Halifax,,45320,45320: Retail trade of motor vehicle parts and accessories,45320
14435345,PS TRUCK & VAN LIMITED,active,ltd,2022-10-21,"141 Great Bridge Street, West Bromwich, B70 0DA, England",B70 0DA,West Bromwich,,45200; 45320,45200: Maintenance and repair of motor vehicles; 45320: Retail trade of motor vehicle parts and accessories,45320
15015708,"SINOTRUK JINAN SPECIAL TRUCK CO., LTD",active,ltd,2023-07-20,"19 King Street, Gillingham, ME7 1EP, England",ME7 1EP,Gillingham,,45310; 45320; 46190,45310: Wholesale trade of motor vehicle parts and accessories; 45320: Retail trade of motor vehicle parts and accessories; 46190,45320; 45310
04795367,EUROTRUCKS (MANSFIELD) LIMITED,active,ltd,2003-06-11,"Unit 3, Block 1 Millenium Business Park, Concorde Way, Mansfield, Nottinghamshire, NG19 7JZ",NG19 7JZ,Mansfield,Nottinghamshire,45320,45320: Retail trade of motor vehicle parts and accessories,45320
03875155,TRUCK-TECH (UK) LIMITED,active,ltd,1999-11-11,"Unit 6b Wharf Road, Ealand, Scunthorpe, DN17 4JW, England",DN17 4JW,Scunthorpe,,45310; 45320,45310: Wholesale trade of motor vehicle parts and accessories; 45320: Retail trade of motor vehicle parts and accessories,45320; 45310
11852658,UK TRUCK AND PLANT LTD,active,ltd,2019-02-28,"13 Walton Vale, Liverpool, L9 4RE, England",L9 4RE,Liverpool,,45320,45320: Retail trade of motor vehicle parts and accessories,45320
15105571,TRUCK TYRES DIRECT LIMITED,active,ltd,2023-08-30,"24 Dalkeith Place, Kettering, NN16 0BS, England",NN16 0BS,Kettering,,45320,45320: Retail trade of motor vehicle parts and accessories,45320
01221182,LONGDON TRUCK EQUIPMENT LIMITED,active,ltd,1975-07-30,"Capital House 272 Manchester Road, Droylsden, Manchester, M43 6PW, England",M43 6PW,Manchester,,45320; 77390,45320: Retail trade of motor vehicle parts and accessories; 77390,45320
11758894,HILLAS TRUCK SALES LIMITED,active,ltd,2019-01-10,"Thorn Tree Farm Brighouse And Denholme Gate Road, Northowram, Halifax, West Yorkshire, HX3 7TF, United Kingdom",HX3 7TF,Halifax,West Yorkshire,45320,45320: Retail trade of motor vehicle parts and accessories,45320
09812926,TRUCK & PARTS (STAFFS) LTD,active,ltd,2015-10-07,"16 Carlton Terrace, Leek, ST13 6HF, England",ST13 6HF,Leek,,45320,45320: Retail trade of motor vehicle parts and accessories,45320
12355933,FOR YOU TRUCK LTD,active,ltd,2019-12-09,"137 County Road, Walton, Liverpool, L4 3QF, England",L4 3QF,Liverpool,,45320; 47910; 82990,45320: Retail trade of motor vehicle parts and accessories; 47910; 82990: Other business support service activities n.e.c.,45320
03878791,EUROPA TRUCK PARTS LIMITED,active,ltd,1999-11-17,"16 Valley Road, Station Road Ind Est, Wombwell, Barnsley, South Yorkshire, S73 0BS, England",S73 0BS,Barnsley,South Yorkshire,45320,45320: Retail trade of motor vehicle parts and accessories,45320
04514868,TRUCK SPRINGS UK LIMITED,active,ltd,2002-08-20,"30 Freckleton Street, Lytham St. Annes, FY8 5DY, England",FY8 5DY,Lytham St. Annes,,45320,45320: Retail trade of motor vehicle parts and accessories,45320
SC287764,A M PHILLIP TRUCKTECH LIMITED,active,ltd,2005-07-21,"Muiryfaulds Garage, Forfar, Angus, DD8 1XP",DD8 1XP,Angus,,45190; 45200; 45320,45190; 45200: Maintenance and repair of motor vehicles; 45320: Retail trade of motor vehicle parts and accessories,45320
09424760,ONLINE TRUCK AND TRAILER PARTS LIMITED,active,ltd,2015-02-05,"Online House, 240 Freshwater Road, Dagenham, Essex, RM8 1RX, United Kingdom",RM8 1RX,Dagenham,Essex,45320,45320: Retail trade of motor vehicle parts and accessories,45320
16049229,TRUCK TYRES ONLINE LTD,active,ltd,2024-10-29,"Booth Street Chambers, 32 Booth Street, Ashton-Under-Lyne, Lancashire, OL6 7LQ, England",OL6 7LQ,Ashton-Under-Lyne,Lancashire,45310; 45320,45310: Wholesale trade of motor vehicle parts and accessories; 45320: Retail trade of motor vehicle parts and accessories,45320; 45310
16094074,A S TRUCKS LTD,active,ltd,2024-11-21,"A S Trucks Ltd, Byfield Works, Wybeck Road, Scunthorpe, South Humberside, DN15 8QR, United Kingdom",DN15 8QR,Scunthorpe,South Humberside,45320,45320: Retail trade of motor vehicle parts and accessories,45320
15224027,UK TRUCK LTD,active,ltd,2023-10-20,"31 Watford Metro Centre, Dwight Road, Watford, WD18 9SB, England",WD18 9SB,Watford,,45190; 45200; 45320; 77120,45190; 45200: Maintenance and repair of motor vehicles; 45320: Retail trade of motor vehicle parts and accessories; 77120,45320
SC087421,NORTRUCK SERVICES LIMITED,active,ltd,1984-03-29,"Unit A Minto Avenue Unit A Minto Avenue, Altens Indusrial Estate, Aberdeen, AB12 3JZ, Scotland",AB12 3JZ,Aberdeen,,45320,45320: Retail trade of motor vehicle parts and accessories,45320
SC194139,ARRAN FORK TRUCK SERVICES LIMITED,active,ltd,1999-03-09,"C/O Burgoyne Carey Pavilion 2, 3 Dava Street, Glasgow, G51 2JA",G51 2JA,Glasgow,,45320,45320: Retail trade of motor vehicle parts and accessories,45320
01410737,WALTON SUMMIT TRUCK CENTRE LIMITED,active,ltd,1979-01-22,"Unit 211 Walton Summit Road, Walton Summit Centre, Bamber, Bridge, Preston, Lancashire, PR5 8AQ, United Kingdom",PR5 8AQ,"Bridge, Preston",Lancashire,45190; 45200; 45320,45190; 45200: Maintenance and repair of motor vehicles; 45320: Retail trade of motor vehicle parts and accessories,45320
08920745,STUARTS TRUCK AND BUS LIMITED,active,ltd,2014-03-04,"Hill Barton Business Park Sidmouth Road, Clyst St Mary, Exeter, Devon, EX5 1DR",EX5 1DR,Exeter,Devon,45190; 45200; 45320,45190; 45200: Maintenance and repair of motor vehicles; 45320: Retail trade of motor vehicle parts and accessories,45320
09532854,SP TRUCK PARTS LTD,active,ltd,2015-04-09,"Ealing Cross 1st Floor, 85 Uxbridge Road, London, W5 5TH, United Kingdom",W5 5TH,London,,45310; 45320,45310: Wholesale trade of motor vehicle parts and accessories; 45320: Retail trade of motor vehicle parts and accessories,45320; 45310
11923665,PATTRUCK LTD,active,ltd,2019-04-03,"Unit 1 Wellington Place, Blenheim Road, Airfield Industrial Estate, Ashbourne, DE6 1HA, United Kingdom",DE6 1HA,Ashbourne,,45320,45320: Retail trade of motor vehicle parts and accessories,45320
13531656,FIX MY TRUCK LTD,active,ltd,2021-07-26,"11 Cresswell Close, Pinchbeck, Spalding, PE11 3TY, England",PE11 3TY,Spalding,,45190; 45200; 45320; 77120,45190; 45200: Maintenance and repair of motor vehicles; 45320: Retail trade of motor vehicle parts and accessories; 77120,45320
16356787,3D TRUCK REPAIRS LTD,active,ltd,2025-04-01,"Unit A6 Lords Wood Road, Harworth, Doncaster, DN11 8BZ, United Kingdom",DN11 8BZ,Doncaster,,45200; 45320,45200: Maintenance and repair of motor vehicles; 45320: Retail trade of motor vehicle parts and accessories,45320
14821267,TRUCK PARTS SOLUTIONS LTD,active,ltd,2023-04-24,"1 Allied Business Centre, Coldharbour Lane, Harpenden, AL5 4UT, England",AL5 4UT,Harpenden,,45310; 45320,45310: Wholesale trade of motor vehicle parts and accessories; 45320: Retail trade of motor vehicle parts and accessories,45320; 45310
05364131,ACTION TRUCK PARTS LIMITED,active,ltd,2005-02-14,"Unit 77 Grimsby Business Centre, King Edward Street, Grimsby, South Humberside, DN31 3JH",DN31 3JH,Grimsby,South Humberside,45320,45320: Retail trade of motor vehicle parts and accessories,45320
14687805,DONCASTER TRUCK PARTS LTD,active,ltd,2023-02-24,"21 Gattison Lane, New Rossington, Doncaster, DN11 0NG, England",DN11 0NG,Doncaster,,45200; 45320; 77120,45200: Maintenance and repair of motor vehicles; 45320: Retail trade of motor vehicle parts and accessories; 77120,45320
16345823,HTS TRUCK SPARES LIMITED,active,ltd,2025-03-26,"Thorn Tree Farm Brighouse & Denholme Gate Road, Northowram, Halifax, West Yorkshire, HX3 7TF, United Kingdom",HX3 7TF,Halifax,West Yorkshire,45190; 45320,45190; 45320: Retail trade of motor vehicle parts and accessories,45320
15903212,"CHINA HEAVY TRUCK ZHONGYU INTERNATIONAL TRADE CO., LTD.",active,ltd,2024-08-19,"37 Croydon Road, Beckenham, BR3 4AB, United Kingdom",BR3 4AB,Beckenham,,45111; 45112; 45320; 46630,45111; 45112; 45320: Retail trade of motor vehicle parts and accessories; 46630,45320
11828351,TRUCK TEAM LTD,active,ltd,2019-02-15,"124 Milbury Farm Meadow, Exminster, Exeter, EX6 8FG, England",EX6 8FG,Exeter,,45310; 45320; 46760; 53202,45310: Wholesale trade of motor vehicle parts and accessories; 45320: Retail trade of motor vehicle parts and accessories; 46760; 53202,45320; 45310
16907825,TRUCK SUPPLY HUB LTD,active,ltd,2025-12-12,"Office 15613 182-184 High Street North, East Ham, London, E6 2JA, United Kingdom",E6 2JA,East Ham,London,45320,45320: Retail trade of motor vehicle parts and accessories,45320
00573068,CROSSROADS TRUCK & BUS LIMITED,active,ltd,1956-10-18,"Crossroads Truck & Bus, Pheasant Drive, Birstall, Batley, West Yorkshire, WF17 9LR",WF17 9LR,"Birstall, Batley",West Yorkshire,45190; 45200; 45320,45190; 45200: Maintenance and repair of motor vehicles; 45320: Retail trade of motor vehicle parts and accessories,45320
02147882,NORTH WEST TRUCK SERVICES LIMITED,active,ltd,1987-07-16,"Greenhous Village, Osbaston, Telford, Shropshire, TF6 6RA, England",TF6 6RA,Telford,Shropshire,45190; 45200; 45320,45190; 45200: Maintenance and repair of motor vehicles; 45320: Retail trade of motor vehicle parts and accessories,45320
03055464,PALLET TRUCK SERVICES LIMITED,active,ltd,1995-05-11,"Martlet House E1 Yeoman Gate, Yeoman Way, Worthing, West Sussex, BN13 3QZ",BN13 3QZ,Worthing,West Sussex,46900,46900: Non-specialised wholesale trade,46900
01379569,T.T.S. TRUCK TYRE SPECIALISTS LIMITED,active,ltd,1978-07-20,"Truck Tyre Specialists Warne Road, Winterstoke Commercial Centre, Weston-Super-Mare, BS23 3UU, England",BS23 3UU,Weston-Super-Mare,,22110,22110: Manufacture of rubber tyres and tubes; retreading and rebuilding of rubber tyres,22110
13417279,TRUCK TYRE WHOLESALERS LIMITED,active,ltd,2021-05-24,"12 Old Slade Lane, Iver, SL0 9DR, England",SL0 9DR,Iver,,22110,22110: Manufacture of rubber tyres and tubes; retreading and rebuilding of rubber tyres,22110
16262244,TRUCK TYRE FLEET SERVICES LTD,active,ltd,2025-02-19,"1 Thorncliffe View, Leek, ST13 6QB, England",ST13 6QB,Leek,,22110,22110: Manufacture of rubber tyres and tubes; retreading and rebuilding of rubber tyres,22110
07245019,3G TRUCK & TRAILER PARTS LTD,active,ltd,2010-05-06,"Barbot Hall Industrial Estate Mangham Road, Parkgate, Rotherham, S62 6EF, England",S62 6EF,Rotherham,,45310,45310: Wholesale trade of motor vehicle parts and accessories,45310
02555001,TRUCKMASTERS HANDLING LIMITED,active,ltd,1990-11-05,"Boston Road, Wainfleet, Skegness Lincolnshire, PE24 4HA",PE24 4HA,Skegness Lincolnshire,,45190; 45310,45190; 45310: Wholesale trade of motor vehicle parts and accessories,45310
07594561,MASTERPART TRUCK AND BUS LIMITED,active,ltd,2011-04-06,"Green Acres Green Lane, Hodthorpe, Worksop, S80 4XR",S80 4XR,Worksop,,45310,45310: Wholesale trade of motor vehicle parts and accessories,45310
12842521,SWEDISH TRUCK PARTS GROUP LIMITED,active,ltd,2020-08-27,"86 Heywood Street, Manchester, M8 0TD, England",M8 0TD,Manchester,,45310,45310: Wholesale trade of motor vehicle parts and accessories,45310
09751276,IDF TRUCK PARTS LIMITED,active,ltd,2015-08-27,"21 Meadow Walk, Astley, Manchester, M29 7FA, United Kingdom",M29 7FA,Manchester,,45310,45310: Wholesale trade of motor vehicle parts and accessories,45310
04854184,WREXHAM TRUCK & TRAILER LTD,active,ltd,2003-08-01,"Unit 17 Miners Road, Llay Industrial Estate, Llay, Wrexham, LL12 0PJ, Wales",LL12 0PJ,Wrexham,,45310,45310: Wholesale trade of motor vehicle parts and accessories,45310
15825676,GREAT TRUCK & PARTS UK LIMITED,active,ltd,2024-07-08,"40 Heaton Gardens, Hendon, London, NW4 4XS, United Kingdom",NW4 4XS,Hendon,London,45310; 46770,45310: Wholesale trade of motor vehicle parts and accessories; 46770,45310
08778756,AM PLANT & TRUCK COMMERCIAL LIMITED,active,ltd,2013-11-18,"Clipper House Tilbury Freeport Clipper House Tilbury Freeport, Suit No. 4, Tilbury, Essex, RM18 7SG, United Kingdom",RM18 7SG,Tilbury,Essex,45310,45310: Wholesale trade of motor vehicle parts and accessories,45310
15866055,ASIA TRUCKS LTD,active,ltd,2024-07-30,"94 Brangwyn Grove, Bristol, BS7 9UD, England",BS7 9UD,Bristol,,45310,45310: Wholesale trade of motor vehicle parts and accessories,45310
02852981,TRUCK TRAILER + BUS COMPONENTS LIMITED,active,ltd,1993-09-14,"Unit 16 Plot 51, Village Farm Industrial Estate, Pyle, Mid-Glamorgan, CF33 6NH",CF33 6NH,Pyle,Mid-Glamorgan,45310,45310: Wholesale trade of motor vehicle parts and accessories,45310
05733614,TRUCK TYRE SOLUTIONS LTD,active,ltd,2006-03-07,"Station Road, Rowley Regis, W Midlands, B65 0LJ, United Kingdom",B65 0LJ,Rowley Regis,W Midlands,45310,45310: Wholesale trade of motor vehicle parts and accessories,45310
04267732,WARRINGTON TRUCK PARTS LIMITED,active,ltd,2001-08-09,"8 Rivington Court, Hardwick Grange, Woolston, Warrington, WA1 4RT",WA1 4RT,Woolston,Warrington,45310,45310: Wholesale trade of motor vehicle parts and accessories,45310
07331163,A C F (TRUCK PARTS) LTD,active,ltd,2010-07-30,"23 Mountside, Stanmore, Middlesex, HA7 2DS",HA7 2DS,Stanmore,Middlesex,45310,45310: Wholesale trade of motor vehicle parts and accessories,45310
16065645,BUS AND TRUCK PARTS (UK) LIMITED,active,ltd,2024-11-07,"Flat 12 The Brew House, 211 Ecclesall Road, Sheffield, S11 8HG, England",S11 8HG,Sheffield,,45310,45310: Wholesale trade of motor vehicle parts and accessories,45310
06815409,TRUCKWARE LIMITED,active,ltd,2009-02-10,"40-42 Rushey Lane, Tyseley, Birmingham, B11 2BL, England",B11 2BL,Birmingham,,45310,45310: Wholesale trade of motor vehicle parts and accessories,45310
13339872,TRUCK BITS LTD,active,ltd,2021-04-16,"1 Fisher Lane, Bingham, Nottingham, NG13 8BQ, England",NG13 8BQ,Nottingham,,25610; 45310,25610; 45310: Wholesale trade of motor vehicle parts and accessories,45310
08822875,UK TRUCKPARTS LIMITED,active,ltd,2013-12-20,"147a High Street, Waltham Cross, Hertfordshire, EN8 7AP",EN8 7AP,Waltham Cross,Hertfordshire,45310,45310: Wholesale trade of motor vehicle parts and accessories,45310
11911980,LIFT TRUCK SOLUTIONS LIMITED,active,ltd,2019-03-28,"Unit 4, Manor Farm Ashford Road, Laleham Village, Staines-Upon-Thames, TW18 1RX, England",TW18 1RX,Staines-Upon-Thames,,45310,45310: Wholesale trade of motor vehicle parts and accessories,45310
16365839,TC TRUCK PARTS LTD,active,ltd,2025-04-04,"C/O Chapmans Business Solutions Ltd 3 Enterprise Way, Pinchbeck, Spalding, Lincolnshire, PE11 3YR, United Kingdom",PE11 3YR,Spalding,Lincolnshire,45310,45310: Wholesale trade of motor vehicle parts and accessories,45310
15562529,RS TRUCK & TRAILER PARTS LTD,active,ltd,2024-03-14,"41 Tolkien Way, Wellington, Telford, TF1 2GF, England",TF1 2GF,Telford,,45310,45310: Wholesale trade of motor vehicle parts and accessories,45310
16392067,FIX MY TRUCK ONLINE LTD,active,ltd,2025-04-16,"92 Nore Road, Portishead, Bristol, BS20 8DX, United Kingdom",BS20 8DX,Bristol,,45200; 45310,45200: Maintenance and repair of motor vehicles; 45310: Wholesale trade of motor vehicle parts and accessories,45310
08381814,J4 TRUCK COMPONENTS LIMITED,active,ltd,2013-01-30,"Unit 2 Hovefields Court, Hovefields Avenue, Basildon, Essex, England",,Basildon,Essex,45310,45310: Wholesale trade of motor vehicle parts and accessories,45310
09248139,AQUILA TRUCK CENTRES LIMITED,active,ltd,2014-10-03,"Lower Brook Garage, The Hill, Sandbach, Cheshire, CW11 1JJ, United Kingdom",CW11 1JJ,Sandbach,Cheshire,45310,45310: Wholesale trade of motor vehicle parts and accessories,45310
14339024,SANDTOFT TRUCK & TRAILER SPARES LTD,active,ltd,2022-09-06,"75 Church Street, Bentley, Doncaster, DN5 0BE, England",DN5 0BE,Doncaster,,45310,45310: Wholesale trade of motor vehicle parts and accessories,45310
04320811,"ALAN SKUSE CAR, VAN AND TRUCK PARTS LTD",active,ltd,2001-11-12,"Unit D2, Neptune Park, Plymouth, Devon, PL4 0SJ, United Kingdom",PL4 0SJ,Plymouth,Devon,45310,45310: Wholesale trade of motor vehicle parts and accessories,45310
12141834,GB TRUCK AND VAN LIMITED,active,ltd,2019-08-06,"Unit 14 Clockhouse Mushroom Farm, Clockhouse Mushroom Farm, Egham, TW20 8PF, England",TW20 8PF,Egham,,45200; 45310; 52219,45200: Maintenance and repair of motor vehicles; 45310: Wholesale trade of motor vehicle parts and accessories; 52219,45310
SC649488,TRUCK LED UK LTD,active,ltd,2019-12-12,"Block 5, Unit 4, Lochshore East Industrial Estate Caledonian Road, Glengarnock, Beith, KA14 3DB, Scotland",KA14 3DB,Beith,,45310,45310: Wholesale trade of motor vehicle parts and accessories,45310
06636325,TRUCKGEAR LTD,active,ltd,2008-07-02,"The Elms Moorfarm Road East, Airfield Industrial Estate, Ashbourne, Derbyshire, DE6 1HD",DE6 1HD,Ashbourne,Derbyshire,45310,45310: Wholesale trade of motor vehicle parts and accessories,45310
02218211,TRENT TRUCKS LIMITED,active,ltd,1988-02-05,"Nottingham Road, Stapleford, Nottingham, NG9 8AU",NG9 8AU,Nottingham,,45111; 45190; 45200; 45310,45111; 45190; 45200: Maintenance and repair of motor vehicles; 45310: Wholesale trade of motor vehicle parts and accessories,45310
SC644925,TRUCK TYRES UK LIMITED,active,ltd,2019-10-21,"Blue Square Offices Ltd, Bath Street, Glasgow, G2 4JR, Scotland",G2 4JR,Glasgow,,45310,45310: Wholesale trade of motor vehicle parts and accessories,45310
03812701,MTHL FLEET SERVICES TRUCK & TRAILER PARTS LIMITED,active,ltd,1999-07-23,"6 Merling Close, Chessington, Surrey, KT9 2GB",KT9 2GB,Surrey,,45310,45310: Wholesale trade of motor vehicle parts and accessories,45310
02537859,COM-TRUCK LIMITED,active,ltd,1990-09-07,"Maritime House Harbour Walk, The Marina, Hartlepool, TS24 0UX, United Kingdom",TS24 0UX,Hartlepool,,45310; 47910; 49410,45310: Wholesale trade of motor vehicle parts and accessories; 47910; 49410,45310
10723290,SCARBOROUGH TRUCK PARTS LTD,active,ltd,2017-04-12,"8 Astoria Court, Esplanade, Scarborough, North Yorkshire, YO11 2BA, England",YO11 2BA,Scarborough,North Yorkshire,45310,45310: Wholesale trade of motor vehicle parts and accessories,45310
11296563,FIRE TRUCK EQUIPMENT LTD,active,ltd,2018-04-06,"Piccadilly Business Centre Aldow Enterprise Park, Unit C, Manchester, M12 6AE, United Kingdom",M12 6AE,Manchester,,45310; 77120,45310: Wholesale trade of motor vehicle parts and accessories; 77120,45310
15049118,YOUKAY TRUCKS LTD,active,ltd,2023-08-04,"14 Mount Road, Feltham, TW13 6AR, United Kingdom",TW13 6AR,Feltham,,45310,45310: Wholesale trade of motor vehicle parts and accessories,45310
02688514,MAN TRUCK AND BUS UK LIMITED,active,ltd,1992-02-18,"Frankland Road, Blagrove, Swindon, Wiltshire,, SN5 8YU",SN5 8YU,Swindon,"Wiltshire,",45190; 45310,45190; 45310: Wholesale trade of motor vehicle parts and accessories,45310
06548649,WW TRUCK AND BUS LIMITED,active,ltd,2008-03-29,"Unit 2 East Cliff Business Park, Severn Road, Hallen, Bristol, BS10 7GD, England",BS10 7GD,Hallen,Bristol,45190; 45200; 45310,45190; 45200: Maintenance and repair of motor vehicles; 45310: Wholesale trade of motor vehicle parts and accessories,45310
06483420,TRUCK PROTECT POLAND LTD,active,ltd,2008-01-24,"28 Cheldon Close, Whitley Bay, Tyne & Wear, NE25 9XS",NE25 9XS,Tyne & Wear,,45310,45310: Wholesale trade of motor vehicle parts and accessories,45310
06494212,TRUCK & TRAILER SPARES (NW) LIMITED,active,ltd,2008-02-05,"207 Knutsford Road, Grappenhall, Warrington, Cheshire, WA4 2QL",WA4 2QL,Cheshire,,45310,45310: Wholesale trade of motor vehicle parts and accessories,45310
08489917,SOUTH WEST TRUCK AND TRAILER PARTS LIMITED,active,ltd,2013-04-16,"Unit 3c Platts Yard Quarry Crescent, Pennygillam Industrial Estate, Launceston, Cornwall, PL15 7PF, United Kingdom",PL15 7PF,Launceston,Cornwall,45310,45310: Wholesale trade of motor vehicle parts and accessories,45310
09971154,PS TRUCK & CAR PARTS LTD,active,ltd,2016-01-26,"Unit 2 Abbey Industrial Estate, 24 Willow Lane, Mitcham, Surrey, CR4 4NA, England",CR4 4NA,Mitcham,Surrey,45310,45310: Wholesale trade of motor vehicle parts and accessories,45310
14211672,TRUCK REFRIGERATION PARTS LTD,active,ltd,2022-07-04,"Unit 2 Stockwood Business Park, Stockwood, Redditch, B96 6SX, England",B96 6SX,Redditch,,45310,45310: Wholesale trade of motor vehicle parts and accessories,45310
06068184,CHESHIRE TRUCKPARTS LIMITED,active,ltd,2007-01-25,"Unit 9 Springvale Industrial Estate, Millbuck Way, Sandbach, Cheshire, CW11 3HT",CW11 3HT,Sandbach,Cheshire,45310,45310: Wholesale trade of motor vehicle parts and accessories,45310
03726877,SOLENT TRUCK PARTS LIMITED,active,ltd,1999-03-04,"Unit 4 Bridge Industries, Broadcut, Fareham, Hampshire, PO16 8SX",PO16 8SX,Fareham,Hampshire,45310,45310: Wholesale trade of motor vehicle parts and accessories,45310
06546701,WESSEX TRUCK AND TRAILER SUPPLIES LIMITED,active,ltd,2008-03-27,"Units 3-4a Quarry Way Business Park, Waterlip, Shepton Mallet, Somerset, BA4 4RN",BA4 4RN,Shepton Mallet,Somerset,45310,45310: Wholesale trade of motor vehicle parts and accessories,45310
16430960,RAIL AND TRUCK LOGISTICS SERVICES LTD,active,ltd,2025-05-06,"128 City Road, London, EC1V 2NX, United Kingdom",EC1V 2NX,London,,45190; 45310; 46140,45190; 45310: Wholesale trade of motor vehicle parts and accessories; 46140,45310
16606220,TTC TRUCK AND TRAILER PARTS LIMITED,active,ltd,2025-07-25,"128 City Road, London, EC1V 2NX, United Kingdom",EC1V 2NX,London,,25930; 45310; 46900,25930; 45310: Wholesale trade of motor vehicle parts and accessories; 46900: Non-specialised wholesale trade,45310
SC856003,TRUCK AND TRAILER COMPONENTS LTD,active,ltd,2025-07-17,"5 South Charlotte Street, Edinburgh, EH2 4AN, Scotland",EH2 4AN,Edinburgh,,45310,45310: Wholesale trade of motor vehicle parts and accessories,45310
16619225,"SINOTRUK COMMERCIAL TRUCK SALES CO., LIMITED",active,ltd,2025-07-31,"19 King Street, Gillingham, ME7 1EP, England",ME7 1EP,Gillingham,,45190; 45310,45190; 45310: Wholesale trade of motor vehicle parts and accessories,45310
11590028,FORK TRUCK PARTS U.K LIMITED,active,ltd,2018-09-26,"Unit 3 Commerce Way, Leighton Buzzard, LU7 4RW, England",LU7 4RW,Leighton Buzzard,,45310,45310: Wholesale trade of motor vehicle parts and accessories,45310
12043110,J. S. TRUCKS (ESSEX) LIMITED,active,ltd,2019-06-11,"10b Boudicca Mews, Moulsham Street, Chelmsford, Essex, CM2 0LA, United Kingdom",CM2 0LA,Chelmsford,Essex,45112; 45310,45112; 45310: Wholesale trade of motor vehicle parts and accessories,45310
12893177,CK TRUCK PARTS LIMITED,active,ltd,2020-09-21,"Flat 16 Centralis House 87-89 Loampit Vale, London, SE13 7TG, England",SE13 7TG,London,,45310,45310: Wholesale trade of motor vehicle parts and accessories,45310
05173704,EUROTRUCK MIDLANDS LIMITED,active,ltd,2004-07-07,"Unit 1 Buxton Court, Manners Industrial Estate, Ilkeston, Derbyshire, DE7 8EF",DE7 8EF,Ilkeston,Derbyshire,45310,45310: Wholesale trade of motor vehicle parts and accessories,45310
02880543,KELTRUCK LIMITED,active,ltd,1993-12-14,"Kenrick Way, West Bromwich, West Midlands, B71 4JW",B71 4JW,West Midlands,,45310,45310: Wholesale trade of motor vehicle parts and accessories,45310
01624738,E.M.S. (TRUCK AND TRAILER PARTS) LIMITED,active,ltd,1982-03-25,"Bpw Limited Centurion Way, Meridian Business Park, Leicester, LE19 1WH, England",LE19 1WH,Leicester,,45310,45310: Wholesale trade of motor vehicle parts and accessories,45310
02477960,KTS TRUCKS LIMITED,active,ltd,1990-03-06,"East Kent International Freight, Terminal, Hernhill,  Faversham, Kent,  Me13  9en",,"Hernhill,  Faversham","Kent,  Me13  9en",45111; 45200; 45310,45111; 45200: Maintenance and repair of motor vehicles; 45310: Wholesale trade of motor vehicle parts and accessories,45310
11012365,REIA TRUCK PARTS LIMITED,active,ltd,2017-10-13,"Unit 7 Clockhouse Mushroom Farm, Clockhouse Lane East, Egham, TW20 8PF, England",TW20 8PF,Egham,,45310,45310: Wholesale trade of motor vehicle parts and accessories,45310
13651860,UNIVERSAL COMMERCIAL TRUCK LTD,active,ltd,2021-09-29,"2 Russet Close, Scunthorpe, DN15 8YJ, England",DN15 8YJ,Scunthorpe,,45112; 45310,45112; 45310: Wholesale trade of motor vehicle parts and accessories,45310
02665341,WEST PENNINE TRUCKS LIMITED,active,ltd,1991-11-22,"Stakehill Industrial Park, Middleton, Manchester, M24 2RW",M24 2RW,Manchester,,45190; 45200; 45310; 45320,45190; 45200: Maintenance and repair of motor vehicles; 45310: Wholesale trade of motor vehicle parts and accessories; 45320: Retail trade of motor vehicle parts and accessories,45310
06986864,HARRIS TRUCK & VAN LIMITED,active,ltd,2009-08-10,"601 London Road, West Thurrock, Essex, RM20 4AU",RM20 4AU,West Thurrock,Essex,45200; 45310,45200: Maintenance and repair of motor vehicles; 45310: Wholesale trade of motor vehicle parts and accessories,45310
SC689052,TAYSIDE CAR TRUCK & VAN LIMITED,active,ltd,2021-02-12,"C/O Johnston Carmichael Bishop's Court, 29 Albyn Place, Aberdeen, AB10 1YL, Scotland",AB10 1YL,Aberdeen,,45200; 45310,45200: Maintenance and repair of motor vehicles; 45310: Wholesale trade of motor vehicle parts and accessories,45310
00851095,JDS TRUCKS LIMITED,active,ltd,1965-06-08,"Navigation Garage, Forrest St, Blackburn, Lancashire, BB1 3BB",BB1 3BB,Blackburn,Lancashire,45190; 45200; 45310; 45320,45190; 45200: Maintenance and repair of motor vehicles; 45310: Wholesale trade of motor vehicle parts and accessories; 45320: Retail trade of motor vehicle parts and accessories,45310
02641371,LEA VALLEY TRUCK PARTS LIMITED,active,ltd,1991-08-29,"10-12 Mulberry Green, Old Harlow, Essex, CM17 0ET",CM17 0ET,Old Harlow,Essex,45310,45310: Wholesale trade of motor vehicle parts and accessories,45310
04404972,LCH TRUCKS LIMITED,active,ltd,2002-03-27,"Cupola House, Bothamsall, Retford, DN22 8DF, England",DN22 8DF,Retford,,45112; 45310; 45320,45112; 45310: Wholesale trade of motor vehicle parts and accessories; 45320: Retail trade of motor vehicle parts and accessories,45310
07882329,SHROPSHIRE TRUCK & TRAILER PARTS LIMITED,active,ltd,2011-12-14,"Unit B Aston Business Park, Aston Road, Wem, Shropshire, SY4 5BA, United Kingdom",SY4 5BA,Wem,Shropshire,45310,45310: Wholesale trade of motor vehicle parts and accessories,45310
05079632,BUS AND TRUCK PARTS (NORTH EAST) LIMITED,active,ltd,2004-03-22,"Unit 2 Blezzard Court, Dunne Road, Blaydon On Tyne, Tyne & Wear, NE21 5NH",NE21 5NH,Blaydon On Tyne,Tyne & Wear,45310,45310: Wholesale trade of motor vehicle parts and accessories,45310
14418892,JACK TRUCKS AND PARTS COMPANY LIMITED,active,ltd,2022-10-14,"102 Mitcham Lane, London, SW16 6NR, England",SW16 6NR,London,,45310; 45320,45310: Wholesale trade of motor vehicle parts and accessories; 45320: Retail trade of motor vehicle parts and accessories,45310
04305056,ITALTRUCK LTD,active,ltd,2001-10-16,"40-42 Rushey Lane, Tyseley, Birmingham, B11 2BL, England",B11 2BL,Birmingham,,45310,45310: Wholesale trade of motor vehicle parts and accessories,45310
06435969,UNITRUCK LTD,active,ltd,2007-11-23,"Unit 4, Mackeson Road, Ashton-Under-Lyme, Lancashire, OL6 8HZ",OL6 8HZ,Lancashire,,45310,45310: Wholesale trade of motor vehicle parts and accessories,45310
14206135,"SINOTRUK GROUP JINAN TRUCK CO., LTD",active,ltd,2022-06-30,"19 King Street, Gillingham, ME7 1EP, England",ME7 1EP,Gillingham,,29100; 45190; 45310,29100; 45190; 45310: Wholesale trade of motor vehicle parts and accessories,45310
16081017,GAV'S TRUCK SHOP LTD,active,ltd,2024-11-14,"Sheringhs House, Park House Lane, Sheffield, South Yorkshire, S9 1XA, England",S9 1XA,Sheffield,South Yorkshire,45310; 46620; 46900; 77120,45310: Wholesale trade of motor vehicle parts and accessories; 46620; 46900: Non-specialised wholesale trade; 77120,45310
00607441,TRUCK & BUS CYMRU LIMITED,active,ltd,1958-07-03,"The Station Yard, Llanfyrnach, Dyfed, SA35 0BZ",SA35 0BZ,Dyfed,,45112; 45200; 45310,45112; 45200: Maintenance and repair of motor vehicles; 45310: Wholesale trade of motor vehicle parts and accessories,45310
06456892,LANCASHIRE BUS AND TRUCK PARTS LIMITED,active,ltd,2007-12-19,"Unit 4 New Hall Hey Business Park, New Hall Hey Road, Rossendale, Lancashire, BB4 6HL",BB4 6HL,Rossendale,Lancashire,45310,45310: Wholesale trade of motor vehicle parts and accessories,45310
02156811,SOUTHERN COUNTIES TRUCK AND TRAILER PARTS LIMITED,active,ltd,1987-08-25,"Unit 3,Detling Aerodrome,, Detling,, Maidstone,, Kent,, ME14 3HU",ME14 3HU,"Maidstone,","Kent,",45310,45310: Wholesale trade of motor vehicle parts and accessories,45310
12780002,TRUCKS N PARTS MCR LTD,active,ltd,2020-07-30,"Trucks N Parts Mcr, Bedford Mill, Holt Street, Oldham, Lancashire, OL4 2DQ, United Kingdom",OL4 2DQ,Oldham,Lancashire,45310,45310: Wholesale trade of motor vehicle parts and accessories,45310
08468737,RHINO TRUCK PARTS LIMITED,active,ltd,2013-04-02,"71-75 Shelton Street, Covent Garden, London, WC2H 9JQ, England",WC2H 9JQ,London,,45310; 45320,45310: Wholesale trade of motor vehicle parts and accessories; 45320: Retail trade of motor vehicle parts and accessories,45310
02247837,ACORN TRUCK SALES LIMITED,active,ltd,1988-04-25,"601 London Road, West Thurrock, Grays, Essex, RM20 4AU",RM20 4AU,Grays,Essex,45200; 45310,45200: Maintenance and repair of motor vehicles; 45310: Wholesale trade of motor vehicle parts and accessories,45310
12540264,EURO TRUCK & TRAILER LIMITED,active,ltd,2020-03-31,"Unit1, Westway 21, Chesford Grange, Warrington, WA1 4SZ, England",WA1 4SZ,Warrington,,45310,45310: Wholesale trade of motor vehicle parts and accessories,45310
12903191,A AND P TRUCK AND TRAILER PARTS LTD,active,ltd,2020-09-24,"Units 2 & 4 Calder Court, Accrington, Lancashire, BB5 5YB, England",BB5 5YB,Accrington,Lancashire,45310,45310: Wholesale trade of motor vehicle parts and accessories,45310
15666909,HYNDBURN TRUCKS LTD,active,ltd,2024-04-22,"The Estate  Office Harwood Business Centre, Alan Ramsbottom Way, Great Harwood Blackburn, Lancashire, BB6 7EJ, United Kingdom",BB6 7EJ,Great Harwood Blackburn,Lancashire,45112; 45190; 45310; 45320,45112; 45190; 45310: Wholesale trade of motor vehicle parts and accessories; 45320: Retail trade of motor vehicle parts and accessories,45310
15402260,TRUCK & TRAILER ASSIST LTD,active,ltd,2024-01-10,"Industrial Estate Gatherley Road Industrial Estate, Brompton On Swale, Richmond, DL10 7JQ, England",DL10 7JQ,Richmond,,45310,45310: Wholesale trade of motor vehicle parts and accessories,45310
15614243,WILLIAMS TRUCKS & RECYCLING LTD,active,ltd,2024-04-03,"William Bros Industrial Park Pingwood Lane, Kirkby, Liverpool, L33 4XZ, England",L33 4XZ,Liverpool,,43120; 45310; 46720,43120; 45310: Wholesale trade of motor vehicle parts and accessories; 46720,45310
16789263,TRUCK AND TRAILERS PARTS LTD,active,ltd,2025-10-16,"165 Belton Lane, Grantham, NG31 9PG, England",NG31 9PG,Grantham,,45310; 45320; 70229; 96090,45310: Wholesale trade of motor vehicle parts and accessories; 45320: Retail trade of motor vehicle parts and accessories; 70229; 96090,45310
16118993,TRIDENT TRUCK AND EQUIPMENT LTD,active,ltd,2024-12-04,"30 Deerleap Way, Braintree, Essex, CM7 9FH, United Kingdom",CM7 9FH,Braintree,Essex,45190; 45310; 46610; 50200,45190; 45310: Wholesale trade of motor vehicle parts and accessories; 46610; 50200,45310
16132151,PARTS2TRUCK LTD,active,ltd,2024-12-12,"61 Bridge Road, Kingston, HR5 3DJ, England",HR5 3DJ,Kingston,,45310; 45320; 47910,45310: Wholesale trade of motor vehicle parts and accessories; 45320: Retail trade of motor vehicle parts and accessories; 47910,45310
03670561,JAMES T WHITAKER (FORK TRUCK TRAINING) LIMITED,active,ltd,1998-11-19,"193 Heath Road, Leighton Buzzard, LU7 3AL, England",LU7 3AL,Leighton Buzzard,,82990,82990: Other business support service activities n.e.c.,82990
SC238909,POWER TRUCK SERVICES LIMITED,active,ltd,2002-10-30,"Arran House 15d Skye Road, Shawfarm Industrial Estate, Prestwick, KA9 2TA, Scotland",KA9 2TA,Prestwick,,82990,82990: Other business support service activities n.e.c.,82990
04592212,INTERNATIONAL TRUCK ALLIANCE LIMITED,active,ltd,2002-11-15,"32 Addison Grove, London, W4 1ER",W4 1ER,,,29320,29320: Manufacture of other parts and accessories for motor vehicles,29320
09172822,TRUCK ALIGN LONDON LTD,active,ltd,2014-08-13,"Unit 21 Schooner Court, Crossways Business Park, Dartford, DA2 6NW",DA2 6NW,Dartford,,29320,29320: Manufacture of other parts and accessories for motor vehicles,29320
16211774,SFS TRUCKS COMMERCIALS LTD,active,ltd,2025-01-27,"44 Villiers Close, London, E10 5HH, England",E10 5HH,London,,29320; 45112; 96090,29320: Manufacture of other parts and accessories for motor vehicles; 45112; 96090,29320
14158360,CROSSLAND TRUCKS LIMITED,active,ltd,2022-06-08,"The Gorse Hatton Road, Hinstock, Market Drayton, Shropshire, TF9 2TS, England",TF9 2TS,Market Drayton,Shropshire,29320; 45200,29320: Manufacture of other parts and accessories for motor vehicles; 45200: Maintenance and repair of motor vehicles,29320
13150917,VOICU FOOD TRUCK CONVERSION LTD,active,ltd,2021-01-21,"36 Mill Street, Aylesbury, HP20 1BN, England",HP20 1BN,Aylesbury,,29320; 56103,29320: Manufacture of other parts and accessories for motor vehicles; 56103,29320
00195431,TRUCK-LITE EUROPE LIMITED,active,ltd,1924-01-31,"Barrows Road, Harlow, Essex, CM19 5FA",CM19 5FA,Essex,,29320,29320: Manufacture of other parts and accessories for motor vehicles,29320
15792477,LOCKS 4 TRUCKS LIMITED,active,ltd,2024-06-21,"Unit C4 Imperial Business Park, West Mill, Gravesend, United Kingdom, DA11 0DL, United Kingdom",DA11 0DL,Gravesend,United Kingdom,29320,29320: Manufacture of other parts and accessories for motor vehicles,29320
13428501,SJB TRUCK DESIGN LTD,active,ltd,2021-05-28,"Blandings Manor Road, Madeley, Crewe, CW3 9PT, England",CW3 9PT,Crewe,,29320,29320: Manufacture of other parts and accessories for motor vehicles,29320
SC784099,TRUCK SUPPLIES LIMITED,active,ltd,2023-09-27,"Unit 16b Houston Mains Holdings, Broxburn, West Lothian, EH52 6PA, United Kingdom",EH52 6PA,Broxburn,West Lothian,29320,29320: Manufacture of other parts and accessories for motor vehicles,29320
SC340731,GRAYCOLL TRUCK N TRAILER LTD.,active,ltd,2008-04-03,"Unit 2b Uphall Estates, Uphall, Broxburn, West Lothian, EH52 5NT",EH52 5NT,Broxburn,West Lothian,33170,33170: Repair and maintenance of other transport equipment,33170
03214102,BAREK LIFT TRUCKS LIMITED,active,ltd,1996-06-19,"Marvel Street, Williamson Street, Hull, HU9 1DS, United Kingdom",HU9 1DS,Hull,,33170,33170: Repair and maintenance of other transport equipment,33170
04221443,CITY FORKLIFT TRUCKS LIMITED,active,ltd,2001-05-22,"C/O Pearson & Associates Suite E Canal Wharf, Eshton Road, Gargrave, Skipton, North Yorkshire, BD23 3SE, England",BD23 3SE,Skipton,North Yorkshire,33170,33170: Repair and maintenance of other transport equipment,33170
09663218,ESSEX TRUCK REPAIRS LTD,active,ltd,2015-06-30,"183 Station Lane, Hornchurch, Essex, RM12 6LL, United Kingdom",RM12 6LL,Hornchurch,Essex,33170,33170: Repair and maintenance of other transport equipment,33170
11165263,UK TRUCK & PLANT GROUP LTD,active,ltd,2018-01-23,"The Transport Yard, Ampthill Road, Bedford, MK42 9JJ, United Kingdom",MK42 9JJ,Bedford,,33170,33170: Repair and maintenance of other transport equipment,33170
07096179,CLASS ONE TRUCK REPAIRS LIMITED,active,ltd,2009-12-05,"Silverdale Southwood Avenue, Ottershaw, Chertsey, KT16 0LH, United Kingdom",KT16 0LH,Chertsey,,33170,33170: Repair and maintenance of other transport equipment,33170
12168569,SL TRUCK AND TRAILER LIMITED,active,ltd,2019-08-21,"16 Perham Way, London Colney, St. Albans, AL2 1LB, England",AL2 1LB,St. Albans,,33170,33170: Repair and maintenance of other transport equipment,33170
05536213,CAPITAL LIFT TRUCK SERVICES LIMITED,active,ltd,2005-08-15,"Market House, 19-21 Market Place, Wokingham, RG40 1AP, England",RG40 1AP,Wokingham,,33170,33170: Repair and maintenance of other transport equipment,33170
04288886,ANGLIAN TRUCK & TRAILER LIMITED,active,ltd,2001-09-18,"7 Rutherford Way, Thetford, IP24 1HA, England",IP24 1HA,Thetford,,33170,33170: Repair and maintenance of other transport equipment,33170
12338404,TRUCK LOGIK LTD,active,ltd,2019-11-28,"47 Lincombe Road, Westfield, Radstock, Somerset, BA3 3YJ, England",BA3 3YJ,Radstock,Somerset,33170,33170: Repair and maintenance of other transport equipment,33170
04898038,G W LIFTRUCKS LTD.,active,ltd,2003-09-14,"Riverside House, Bridge Street Helperby, York, North Yorkshire, YO61 2NU",YO61 2NU,York,North Yorkshire,33170,33170: Repair and maintenance of other transport equipment,33170
SC524346,JAMES MACLEAN TRUCK SERVICES LIMITED,active,ltd,2016-01-15,"28 Allison Street, Carstairs Junction, Lanark, ML11 8RG, United Kingdom",ML11 8RG,Carstairs Junction,Lanark,33170,33170: Repair and maintenance of other transport equipment,33170
07442456,A.P.D. TRUCK MIXER REPAIRS LTD,active,ltd,2010-11-17,"Staffordshire Knot, Pinfold Street, Darlaston, West Midlands, WS10 8TE",WS10 8TE,Darlaston,West Midlands,33170,33170: Repair and maintenance of other transport equipment,33170
04693335,TRIDENT FORK TRUCKS LIMITED,active,ltd,2003-03-11,"22 Dymond Road, Liversedge, West Yorkshire, WF15 7EA",WF15 7EA,West Yorkshire,,33170,33170: Repair and maintenance of other transport equipment,33170
11095630,SOUTH WALES TRUCK AND TRAILER REPAIRS LIMITED,active,ltd,2017-12-04,"Singleton Court Business Park, Wonastow Road, Monmouth, Monmouthshire, NP25 5JA, United Kingdom",NP25 5JA,Monmouth,Monmouthshire,33170,33170: Repair and maintenance of other transport equipment,33170
06813231,THOMPSON FORKTRUCK SERVICES LIMITED,active,ltd,2009-02-09,"Thompson Forktruck Services Ltd Bergen Way Business Park, Bergen Way, North Lynn Industrial Estate, King's Lynn, PE30 2DD, England",PE30 2DD,King's Lynn,,33170; 46140; 77390,33170: Repair and maintenance of other transport equipment; 46140; 77390,33170
04376503,TRUCK HYDRAULICS LIMITED,active,ltd,2002-02-19,"Unit 5 Alpha Court, Capitol Park, Thorne, Doncaster, South Yorkshire, DN8 5TZ",DN8 5TZ,Doncaster,South Yorkshire,28290; 33170,28290; 33170: Repair and maintenance of other transport equipment,33170
08670843,MJM TRUCK & TRAILER SERVICES LIMITED,active,ltd,2013-09-02,"The Pinnacle Building A, 150-170 Midsummer Boulevard, Milton Keynes, Buckinghamshire, MK9 1FD, United Kingdom",MK9 1FD,Milton Keynes,Buckinghamshire,33170,33170: Repair and maintenance of other transport equipment,33170
16327577,GO-TRUCKS FORKLIFT SERVICES LTD,active,ltd,2025-03-19,"63 Cannock Road, Cannock, WS11 5BU, United Kingdom",WS11 5BU,Cannock,,33120; 33170; 46140; 77390,33120; 33170: Repair and maintenance of other transport equipment; 46140; 77390,33170
16415068,MACHINERY PLANT &TRUCKS LIMITED,active,ltd,2025-04-28,"85 Alderbury Road, Slough, SL3 8DL, England",SL3 8DL,Slough,,33170,33170: Repair and maintenance of other transport equipment,33170
12318135,TRUCK CRANES LTD,active,ltd,2019-11-18,"Unit 5 Wheelhouse Road, Brereton, Rugeley, WS15 1UZ, England",WS15 1UZ,Rugeley,,33170,33170: Repair and maintenance of other transport equipment,33170
05749067,DANNATT TRUCK AND PLANT SERVICES LTD,active,ltd,2006-03-20,"12 Oak Drive Oak Drive, Barton-Upon-Humber, N.Lincs, DN18 6BY, England",DN18 6BY,Barton-Upon-Humber,N.Lincs,33170,33170: Repair and maintenance of other transport equipment,33170
13665442,DT TRUCK REPAIR LTD.,active,ltd,2021-10-06,"201 Trafford House, Cherrydown East, Basildon, Essex, SS16 5FY, England",SS16 5FY,Basildon,Essex,33170,33170: Repair and maintenance of other transport equipment,33170
05743475,MOBILE TRUCK & TRAILER LIMITED,active,ltd,2006-03-15,"C/O Stem Accountants Limited, Office 1, The Hive, St. James Square, Grimsby, North East Lincolnshire, DN31 1EP, United Kingdom",DN31 1EP,Grimsby,North East Lincolnshire,33170,33170: Repair and maintenance of other transport equipment,33170
16575611,I TRUCK LTD,active,ltd,2025-07-11,"128 City Road, London, EC1V 2NX, United Kingdom",EC1V 2NX,London,,33170; 49410; 52243; 77120,33170: Repair and maintenance of other transport equipment; 49410; 52243; 77120,33170
07919554,SOUTHERN COMMERCIAL TRUCK & TRAILER REPAIRS LTD,active,ltd,2012-01-23,"7-8 Portmill Lane, Hitchin, Hertfordshire, SG5 1DJ, England",SG5 1DJ,Hitchin,Hertfordshire,33170,33170: Repair and maintenance of other transport equipment,33170
13671047,MIDLAND COMMERCIAL AND LIFT TRUCK LTD,active,ltd,2021-10-11,"6-8 Freeman Street, Grimsby, DN32 7AA, England",DN32 7AA,Grimsby,,33170,33170: Repair and maintenance of other transport equipment,33170
08062888,ASM TRUCK DIAGNOSTICS LIMITED,active,ltd,2012-05-09,"16 Heronsgate Trading Estate, Paycocke Road, Basildon, Essex, SS14 3EU",SS14 3EU,Basildon,Essex,33170,33170: Repair and maintenance of other transport equipment,33170
11040410,NORTHERN TRUCK SERVICES LTD,active,ltd,2017-10-31,"Unit 1 Flanshaw Lane, Wakefield, West Yorkshire, WF2 9JF",WF2 9JF,Wakefield,West Yorkshire,33170,33170: Repair and maintenance of other transport equipment,33170
13969949,EVANS TRUCKSPORT ENGINEERING LIMITED,active,ltd,2022-03-11,"Elsbys Yard, Sneyd Hill, Stoke-On-Trent, ST6 2DY, England",ST6 2DY,Stoke-On-Trent,,33170,33170: Repair and maintenance of other transport equipment,33170
14433078,TRUCK & TRAILER REPAIRS SW LTD,active,ltd,2022-10-20,"Unit 8a Unit 8a, Vale Business Park, Llandow, CF71 7PF, Wales",CF71 7PF,Llandow,,33170,33170: Repair and maintenance of other transport equipment,33170
12303976,ROGER'S TRUCK SERVICES LIMITED,active,ltd,2019-11-07,"Ebenezer House, Ryecroft, Newcastle-Under-Lyme, Staffordshire, ST5 2BE, England",ST5 2BE,Newcastle-Under-Lyme,Staffordshire,33170,33170: Repair and maintenance of other transport equipment,33170
11677839,KEELEY TRUCK SERVICES LTD,active,ltd,2018-11-14,"114 Crossways Road, Bristol, BS4 2SU, England",BS4 2SU,Bristol,,33170,33170: Repair and maintenance of other transport equipment,33170
09637612,TRUCK MOUNTED FORKLIFTS (WALES) LIMITED,active,ltd,2015-06-12,"Summit House, 10 Waterside Court, Newport, NP20 5NT",NP20 5NT,Newport,,33170,33170: Repair and maintenance of other transport equipment,33170
07394749,MOORES FORKTRUCKS SERVICES LIMITED,active,ltd,2010-10-01,"Unit9 Esgors Farm, High Road, Thornwood Common, Epping, Essex, CM16 6LY",CM16 6LY,Epping,Essex,33170,33170: Repair and maintenance of other transport equipment,33170
10948307,TODD TRUCK REPAIRS LIMITED,active,ltd,2017-09-06,"28 Tavistock Avenue, Perivale, Greenford, UB6 8AJ, England",UB6 8AJ,Greenford,,33170,33170: Repair and maintenance of other transport equipment,33170
12158865,BIRMINGHAM TRUCK AND TRAILER REPAIRS LIMITED,active,ltd,2019-08-15,"49 Kenmure Road, Birmingham, B33 0RX, England",B33 0RX,Birmingham,,33170,33170: Repair and maintenance of other transport equipment,33170
14298577,RTS TRUCKS LIMITED,active,ltd,2022-08-16,"Ebenezer House, Ryecroft, Newcastle Under Lyme, Staffordshire, ST5 2BE, United Kingdom",ST5 2BE,Newcastle Under Lyme,Staffordshire,33170,33170: Repair and maintenance of other transport equipment,33170
13408258,DAR INDUSTRIAL TRUCKS LIMITED,active,ltd,2021-05-19,"Unit 1 Langley Road, Burscough Industrial Estate, Ormskirk, L40 8JR, England",L40 8JR,Ormskirk,,33170,33170: Repair and maintenance of other transport equipment,33170
08692072,MK2 LIFT TRUCKS LIMITED,active,ltd,2013-09-16,"Mk2 Lift Trucks Limited, Heavens Walk, Doncaster, DN4 5HZ, England",DN4 5HZ,Doncaster,,33170,33170: Repair and maintenance of other transport equipment,33170
03631209,DJS FORK TRUCK LIMITED,active,ltd,1998-09-14,"Crowthers Crossing, Summerfield Worcester Road, Kidderminster, Worcestershire, DY11 7RB",DY11 7RB,Kidderminster,Worcestershire,33170,33170: Repair and maintenance of other transport equipment,33170
07433089,STANDISH PALLET TRUCK SERVICES LTD,active,ltd,2010-11-08,"31 Alderton Drive, Ashton-In-Makerfield, Wigan, Lancashire, WN4 9LQ",WN4 9LQ,Wigan,Lancashire,33170,33170: Repair and maintenance of other transport equipment,33170
14653803,THOMAS TRUCK LOADERS LIMITED,active,ltd,2023-02-10,"38 Copthall Road East, Ickenham, Uxbridge, UB10 8SE, England",UB10 8SE,Uxbridge,,33170,33170: Repair and maintenance of other transport equipment,33170
04528017,FORK TRUCK EXPRESS SERVICES LIMITED,active,ltd,2002-09-06,"2 Distribution Way, Ystrad Mynach, Hengoed, CF82 7TS, Wales",CF82 7TS,Hengoed,,33170; 77390,33170: Repair and maintenance of other transport equipment; 77390,33170
14745650,CLASS TWO TRUCK REPAIRS LIMITED,active,ltd,2023-03-21,"Silverdale Southwood Avenue, Ottershaw, Chertsey, KT16 0LH, England",KT16 0LH,Chertsey,,33170,33170: Repair and maintenance of other transport equipment,33170
11947396,TURNER FORKLIFT TRUCKS LIMITED,active,ltd,2019-04-15,"88 Hill Village Road, Four Oaks, Sutton Coldfield, West Midlands, B75 5BE, United Kingdom",B75 5BE,Sutton Coldfield,West Midlands,33170,33170: Repair and maintenance of other transport equipment,33170
15199030,H M RECOVERY TRUCKS LIMITED,active,ltd,2023-10-09,"Flat 23 Addison Court, London, NW2 5AG, United Kingdom",NW2 5AG,London,,33170,33170: Repair and maintenance of other transport equipment,33170
07541263,JONES TRUCK & TRAILER SERVICES LTD,active,ltd,2011-02-24,"11 North Brancepeth Close, Langley Moor, Durham, Durham, DH7 8LX",DH7 8LX,Durham,Durham,33170,33170: Repair and maintenance of other transport equipment,33170
12477101,AJK TRUCKS & BUS LTD,active,ltd,2020-02-21,"The Old Courthouse, Orsett Road, Grays, RM17 5DD, England",RM17 5DD,Grays,,33170,33170: Repair and maintenance of other transport equipment,33170
10479554,TRUCK SERVICE LTD,active,ltd,2016-11-15,"47 Coulton Avenue, Northfleet, Gravesend, DA11 8DZ, England",DA11 8DZ,Gravesend,,33170; 49410,33170: Repair and maintenance of other transport equipment; 49410,33170
14815873,UK TRUCK SERVICE LTD,active,ltd,2023-04-19,"85 Stafford Road, Crawley, RH11 7LB, England",RH11 7LB,Crawley,,33170; 45200; 49410; 49420,33170: Repair and maintenance of other transport equipment; 45200: Maintenance and repair of motor vehicles; 49410; 49420,33170
15994017,SANGHA TRUCK SERVICE LTD,active,ltd,2024-10-02,"122 Hinton Avenue, Hounslow, TW4 6AP, England",TW4 6AP,Hounslow,,33170; 49410,33170: Repair and maintenance of other transport equipment; 49410,33170
SC486621,ALLTRUCK CRANE REPAIRS & SALES LTD,active,ltd,2014-09-12,"Unit 5, Gateway Business Park, Beancross Road, Grangemouth, Stirlingshire, FK3 8WX, Scotland",FK3 8WX,Grangemouth,Stirlingshire,33170,33170: Repair and maintenance of other transport equipment,33170
15555398,FTS FORK TRUCK SERVICES LTD,active,ltd,2024-03-12,"C/O Bevan Buckland Llp Ground Floor, Cardigan House, Swansea, SA7 9LA, Wales",SA7 9LA,Swansea,,33120; 33170,33120; 33170: Repair and maintenance of other transport equipment,33170
SC392035,ALLTRUCKS (ABERDEEN) LTD,active,ltd,2011-01-24,"Kirkwood, Sauchen, Inverurie, AB51 7LQ, Scotland",AB51 7LQ,Inverurie,,33170,33170: Repair and maintenance of other transport equipment,33170
12147195,AVONMOUTH TRUCK & TRAILER LTD,active,ltd,2019-08-09,"Chittening Industrial Estate, Greensplott Road, Bristol, BS11 0YB, England",BS11 0YB,Bristol,,33170,33170: Repair and maintenance of other transport equipment,33170
16731637,DJN COMMERCIAL TRUCK SERVICES LTD,active,ltd,2025-09-21,"67 Shearwater Road, Hemel Hempstead, HP3 0GB, England",HP3 0GB,Hemel Hempstead,,33170; 45200,33170: Repair and maintenance of other transport equipment; 45200: Maintenance and repair of motor vehicles,33170
16958445,ELITE TRUCK SERVICES LIMITED,active,ltd,2026-01-12,"34 Sweetbriar Road, Wolverhampton, WV2 2NB, England",WV2 2NB,Wolverhampton,,33170,33170: Repair and maintenance of other transport equipment,33170
SC457883,JAMES TRUCK & TRAILER LTD,active,ltd,2013-08-29,"Cameron Street, Coatbridge, Lanarkshire, ML5 2EJ",ML5 2EJ,Lanarkshire,,33170,33170: Repair and maintenance of other transport equipment,33170
14623345,TRUCK CLINIC LTD,active,ltd,2023-01-28,"Unit 1 Flour Square, Grimsby, DN31 3LS, England",DN31 3LS,Grimsby,,33170; 45200; 49410,33170: Repair and maintenance of other transport equipment; 45200: Maintenance and repair of motor vehicles; 49410,33170
SC507044,J.B.R. PLANT & TRUCK SERVICES LIMITED,active,ltd,2015-05-28,"13 Wheatpark Road, Lanark, ML11 7QA, Scotland",ML11 7QA,Lanark,,33170,33170: Repair and maintenance of other transport equipment,33170
08250092,CASTLE EDEN LIFT TRUCKS LIMITED,active,ltd,2012-10-11,"Unit 6 3 Cook Way, North West Industrial Estate, Peterlee, County Durham, SR8 2HY, England",SR8 2HY,Peterlee,County Durham,33170; 77390,33170: Repair and maintenance of other transport equipment; 77390,33170
07798955,TRUCKCARE (UK) LIMITED,active,ltd,2011-10-05,"167 Turners Hill, Cheshunt, Herts, EN8 9BH",EN8 9BH,Cheshunt,Herts,33170,33170: Repair and maintenance of other transport equipment,33170
05168548,TRUCK LOADERS LIMITED,active,ltd,2004-07-01,"Penrith House Clover Nook Road, Clover Nook Industrial Estate, Alfreton, Derbyshire, DE55 4RF, England",DE55 4RF,Alfreton,Derbyshire,33170,33170: Repair and maintenance of other transport equipment,33170
05704176,LONDON INTEGRATED FORKLIFT TRUCKS LIMITED,active,ltd,2006-02-09,"Summit House, Horsecroft Road, Harlow, Essex, CM19 5BN, England",CM19 5BN,Harlow,Essex,33170,33170: Repair and maintenance of other transport equipment,33170
05528448,PHOENIX LIFT TRUCKS LIMITED,active,ltd,2005-08-04,"Hubspace, Devonshire House C/O Shenkers, Manor Way, Borehamwood, Hertfordshire, WD6 1QQ, England",WD6 1QQ,Borehamwood,Hertfordshire,33120; 33170,33120; 33170: Repair and maintenance of other transport equipment,33170
02706207,TOR TRUCKS LIMITED,active,ltd,1992-04-13,"Tout Yard, Charlton Adam, Somerton, Somerset, TA11 7AN",TA11 7AN,Somerton,Somerset,33170,33170: Repair and maintenance of other transport equipment,33170
13500845,ABBEY LIFT TRUCKS LIMITED,active,ltd,2021-07-08,"Unit 4 Moorview Court, Plymouth, PL6 7PL, England",PL6 7PL,Plymouth,,33170,33170: Repair and maintenance of other transport equipment,33170
05595242,N. W. TRUCK AND MIXER REPAIRS LTD,active,ltd,2005-10-18,"Tanhouse Lane, Widnes, Cheshire, WA8 0RZ",WA8 0RZ,Widnes,Cheshire,33170,33170: Repair and maintenance of other transport equipment,33170
12413921,TRUCK RESPONSE LTD,active,ltd,2020-01-20,"36 Victor Street, Walsall, WS1 4HZ, England",WS1 4HZ,Walsall,,33170,33170: Repair and maintenance of other transport equipment,33170
02807940,ON SITE TRUCK REPAIRS LIMITED,active,ltd,1993-04-08,"Whitefield Road, Bredbury Stockport, Cheshire, SK6 2QR",SK6 2QR,Cheshire,,33170,33170: Repair and maintenance of other transport equipment,33170
03885377,PLP LIFT TRUCKS PETERBOROUGH LIMITED,active,ltd,1999-11-29,"41 Ivatt Way, Westwood, Peterborough, Cambs, PE3 7PN",PE3 7PN,Peterborough,Cambs,33170,33170: Repair and maintenance of other transport equipment,33170
08991145,TRUCKMEND LONDON LIMITED,active,ltd,2014-04-10,"5 Manor Lane, Sunbury-On-Thames, Middlesex, TW16 5EB",TW16 5EB,Sunbury-On-Thames,Middlesex,33170,33170: Repair and maintenance of other transport equipment,33170
12823077,CLEWLEY TRUCK REPAIRS LIMITED,active,ltd,2020-08-19,"Burrswood London Road, Prestbury, Macclesfield, Cheshire, SK10 4EA, United Kingdom",SK10 4EA,Macclesfield,Cheshire,33170; 45200,33170: Repair and maintenance of other transport equipment; 45200: Maintenance and repair of motor vehicles,33170
07303967,PRO FORKTRUCKS LIMITED,active,ltd,2010-07-05,"23 Croft House Way, Morley, Leeds, LS27 8UA",LS27 8UA,Leeds,,33190,33190: Repair of other equipment,33190
10028862,BIRMINGHAM FORKTRUCKS SERVICES LTD,active,ltd,2016-02-26,"Unit 26a Central Trading Address, Cable Street, Wolverhampton, WV2 2RJ, England",WV2 2RJ,Wolverhampton,,33190,33190: Repair of other equipment,33190
15118158,WAVENEY LIFT TRUCK RENTALS LIMITED,active,ltd,2023-09-06,"3a Quay View Business Park, Lowesoft, Suffolk, NR32 2HD, United Kingdom",NR32 2HD,Lowesoft,Suffolk,33120; 33190; 46140; 77390,33120; 33190: Repair of other equipment; 46140; 77390,33190
04628781,VELTRUCKS LIMITED,active,ltd,2003-01-06,"Unit 21 Wynford Industrial Park, Belbins, Romsey, SO51 0PW, England",SO51 0PW,Romsey,,33190,33190: Repair of other equipment,33190
08101669,TRUCKTECH HANDLING LTD,active,ltd,2012-06-12,"Unit 4 Hall Road Business Park, Hall Road, Wisbech, Cambs, PE14 8PE, England",PE14 8PE,Wisbech,Cambs,33190,33190: Repair of other equipment,33190
10775149,DHM FORK TRUCKS LTD,active,ltd,2017-05-17,"28 Yew Tree Road, Ormskirk, Lancashire, L39 1NU, England",L39 1NU,Ormskirk,Lancashire,33190; 77390,33190: Repair of other equipment; 77390,33190
06638128,HARRISON FORK TRUCKS LIMITED,active,ltd,2008-07-04,"Harrison Fork Trucks Quarry Crescent, Pennygillam Industrial Estate, Launceston, Cornwall, PL15 7PF",PL15 7PF,Launceston,Cornwall,33190,33190: Repair of other equipment,33190
04924293,HAND ROLLER TRUCKS LIMITED,active,ltd,2003-10-07,"172 Station Road, Hesketh Bank, Preston, PR4 6ST",PR4 6ST,Preston,,33190,33190: Repair of other equipment,33190
06374145,BASSETT FORK TRUCKS LIMITED,active,ltd,2007-09-18,"45 Oak Place, North Weald, Epping, Essex, CM16 6JU",CM16 6JU,Epping,Essex,33190,33190: Repair of other equipment,33190
06397495,MORRISON FORK TRUCK SERVICES LIMITED,active,ltd,2007-10-12,"Unit3 Airfield Industrial Estate, Blenheim Road, Ashbourne, Derbyshire, DE6 1HA",DE6 1HA,Ashbourne,Derbyshire,33190,33190: Repair of other equipment,33190
10687190,SPRAY TRUCKS LIMITED,active,ltd,2017-03-23,"East View Hirst Road, Chapel Haddlesey, Selby, YO8 8QQ, United Kingdom",YO8 8QQ,Selby,,33190,33190: Repair of other equipment,33190
11714997,MGF TRUCK & PLANT LTD,active,ltd,2018-12-06,"Unit 4a Meriden Works Birmingham Road, Millisons Wood, Coventry, CV5 9AZ, England",CV5 9AZ,Coventry,,33120; 33190,33120; 33190: Repair of other equipment,33190
09304704,K S LIFT TRUCKS LIMITED,active,ltd,2014-11-11,"Hampsons Farm Bannister Green, Heskin, Chorley, Lancashire, PR7 5PP",PR7 5PP,Chorley,Lancashire,33190; 47990; 77120,33190: Repair of other equipment; 47990; 77120,33190
01536675,G.B. LIFT TRUCKS LIMITED,active,ltd,1980-12-30,"Unit 29 Willow Road, Trent Lane Industrial Estate, Castle Donington, Derbyshire, DE74 2NP",DE74 2NP,Castle Donington,Derbyshire,33190; 77120,33190: Repair of other equipment; 77120,33190
06468925,LIFTRUCKS NORTHERN LTD,active,ltd,2008-01-10,"95 Nursery Road, North Anston, Sheffield, South Yorkshire, S25 4BT",S25 4BT,South Yorkshire,,33190,33190: Repair of other equipment,33190
02253155,A.F.L. TRUCKS LIMITED,active,ltd,1988-05-09,"C/O Rentacabin Ltd Unit A Blois Meadow Business Centre, Steeple Bumpstead, Haverhill, Suffolk, CB9 7BN, United Kingdom",CB9 7BN,Haverhill,Suffolk,33190; 46140,33190: Repair of other equipment; 46140,33190
10756410,K N FORKTRUCKS LIMITED,active,ltd,2017-05-05,"39 Boundary Way, Glapwell, Chesterfield, S44 5FQ, England",S44 5FQ,Chesterfield,,33190,33190: Repair of other equipment,33190
08568704,PALLET TRUCK SERVICES (SUSSEX) LIMITED,active,ltd,2013-06-13,"Oldstock, Marringdean Road, Billingshurst, RH14 9HE",RH14 9HE,Billingshurst,,33190; 47990; 77390; 96090,33190: Repair of other equipment; 47990; 77390; 96090,33190
11790400,MM FORKTRUCKS LTD,active,ltd,2019-01-28,"3 West Street, Leighton Buzzard, Bedfordshire, LU7 1DA, United Kingdom",LU7 1DA,Leighton Buzzard,Bedfordshire,33190; 77120,33190: Repair of other equipment; 77120,33190
04353325,QA LIFTRUCKS LIMITED,active,ltd,2002-01-15,"22 Padgets Lane, Redditch, B98 0RB, England",B98 0RB,Redditch,,33190; 46690; 77390,33190: Repair of other equipment; 46690; 77390,33190
06495093,LIFTRUCK SERVICES LIMITED,active,ltd,2008-02-06,"11 Watermill Close Mill Lane, Falfield, Wotton-Under-Edge, Glos, GL12 8BW",GL12 8BW,Wotton-Under-Edge,Glos,33190,33190: Repair of other equipment,33190
08367092,J S LIFTRUCKS LTD,active,ltd,2013-01-21,"8 Manor Avenue, Little Lever, Bolton, BL3 1NU, England",BL3 1NU,Bolton,,33190,33190: Repair of other equipment,33190
11893825,SBF LIFTRUCKS LIMITED,active,ltd,2019-03-20,"Unit 7 Watergate Mills, Bradford Road, Liversedge, West Yorkshire, WF15 6EB",WF15 6EB,Liversedge,West Yorkshire,33120; 33190,33120; 33190: Repair of other equipment,33190
10072771,JPD FORKTRUCKS LTD.,active,ltd,2016-03-18,"First Floor, Unit 9 Morston Court, Aisecome Way, Weston-Super-Mare, BS22 8NG, England",BS22 8NG,Weston-Super-Mare,,33190,33190: Repair of other equipment,33190
